section-result-title,cards-rating-score,section-result-num-ratings,section-result-details,section-result-location,section-result-info,section-result-info 2,section-result-action href,section-result-action-icon src,section-result-action-text
Rose Pharmacy,3.3,(3),Pharmacy,"G/F Elizabeth Mall, cor. Leon Kilat & N. Bacalso Ave.",Open until 8:00 pm,(032) 256 3647,http://www.rosepharmacy.com/,https://www.gstatic.com/images/icons/material/system_gm/1x/public_gm_blue_20dp.png,Website
King's Pharmacy,4.3,(3),Pharmacy,Sanciangko Cor. Borromeo St.,,(032) 254 3264,,,
Louis Pharmacy,,,Pharmacy,91Panganiban Street,,(032) 255 2441,,,
Visayan,,,Pharmacy,82-A Katipunan St,,0923 627 5733,,,
Pharmacy & Gen. Merchandise,1.0,(1),Pharmacy,"Maple Wood Bldg, J. Diola St",,0926 684 2075,,,
TGP The Generics Pharmacy,5.0,(2),Pharmacy,"ONE BLDG., 242 MAGALLANES ST., LAPU-LAPU CITY, CEBU",Open until 9:00 pm,,http://www.tgp.com.ph/,https://www.gstatic.com/images/icons/material/system_gm/1x/public_gm_blue_20dp.png,Website
Thinkcare Pharmacy,,,Pharmacy,Central Nautical Hwy,,(032) 406 0999,,,
Watsons Pharmacy,5.0,(1),Pharmacy,"Outlet 1 near Informatic, SM Cebu City, North Reclamation Area",Open until 9:00 pm,(02) 7902 8888,http://www.watsons.com.ph/,https://www.gstatic.com/images/icons/material/system_gm/1x/public_gm_blue_20dp.png,Website
SOUTHSTAR DRUG,3.0,(3),Pharmacy,"SOUTH CENTRAL SQUARE, LAWAAN III",Open until 9:00 pm,(032) 239 7101,http://www.southstardrug.com.ph/,https://www.gstatic.com/images/icons/material/system_gm/1x/public_gm_blue_20dp.png,Website
Med Central Pharmacy,,,Pharmacy,"General Maxilom Avenue, corner General Echavez Street, Zapatera",,(032) 232 6328,,,
TGP The Generics Pharmacy,,,Pharmacy,"ELIZABETH MALL, N. BACALSO COR. LEON KILAT ST., CEBU CITY",Open until 9:00 pm,,http://www.tgp.com.ph/,https://www.gstatic.com/images/icons/material/system_gm/1x/public_gm_blue_20dp.png,Website
SOUTHSTAR DRUG,,,Pharmacy,"G/F UNIT 32 ISLAND CENTRAL MALL, MEZ 1",Open until 10:00 pm,(032) 266 0638,http://www.southstardrug.com.ph/,https://www.gstatic.com/images/icons/material/system_gm/1x/public_gm_blue_20dp.png,Website
Arise and Shine Pharmacy,,,Pharmacy,"Panganiban Street, Central, Pahina",,(032) 418 4089,,,
Pharmacy Han,,,Pharmacy,14 Plaridel St,Open until 6:00 pm,(032) 266 4486,,,
Mercury Drug,4.0,(1),Pharmacy,Central Nautical Road,,,https://www.mercurydrug.com/,https://www.gstatic.com/images/icons/material/system_gm/1x/public_gm_blue_20dp.png,Website
new Libres Pharmacy,5.0,(1),Pharmacy,"B. Rodriguez St (fronting VSMMC), Capitol Site",,(032) 253 5363,,,
Escabarte Pharmacy,1.0,(1),Pharmacy,Tiguib-Tumampon Barangay Rd,,,,,
Bing 368 General Merchandise and Pharmacy,,,Pharmacy,"2332, Lomboy Street, Banawa",,(032) 253 4893,,,
Diding's Pharmacy,5.0,(1),Pharmacy,174 Manalili St,Open until 7:00 pm,(032) 255 8622,,,
July Pharmacy,,,Pharmacy,Tupas St,,(032) 261 2194,,,
Pharmacy,3.3,(3),Pharmacy,"La Nueva Building, M. C. Briones St",Open until 8:00 pm,(032) 255 8360,,,
Cebu Worldwide Pharmacy,4.3,(3),Pharmacy,195 Magallanes St,,(032) 254 7217,,,
Clark's Pharmacy,,,Pharmacy,"E-Mall, Leon Kilat, Cor Natalio B. Bacalso Ave",Open until 8:00 pm,(032) 326 6173,http://clarks.com.ph/,https://www.gstatic.com/images/icons/material/system_gm/1x/public_gm_blue_20dp.png,Website
Rose Pharmacy,1.0,(2),Pharmacy,"Fooda Saversmart, F. Cabahug, Kasambagan",Open until 9:00 pm,(032) 260 7310,http://www.rosepharmacy.com/,https://www.gstatic.com/images/icons/material/system_gm/1x/public_gm_blue_20dp.png,Website
A.L.V. Pharmacy and General Merchandise,1.0,(1),Pharmacy,"183, M. Velez Street, Guadalupe",,(032) 262 7621,,,
Rose Pharmacy,2.1,(7),Pharmacy,"Visagas Community Medical Center Mixed-Use Bldg, Osmeña Blvd",Open until 9:00 pm,(032) 230 5021,http://www.rosepharmacy.com/,https://www.gstatic.com/images/icons/material/system_gm/1x/public_gm_blue_20dp.png,Website
Lythel's Pharmacy and General Merchandise,,,Pharmacy,"M.L. Quezon Street, Maguikay",,(032) 345 1379,,,
"Wellmed Pharmacy, Incorporated",5.0,(1),Pharmacy,"880 A.S. Fortuna Street, Banilad",Open until 9:00 pm,(02) 7902 8888,,,
Swak Pharmacy,3.0,(3),Pharmacy,"M. Logarta St,. Inside North Bus Terminal",Open until 9:00 pm,(032) 236 2431,,,
Pharmacy,,,Pharmacy,SM,,(032) 260 0083,,,
Universe Pharmacy,4.4,(5),Pharmacy,366 Magallanes St,Open until 6:00 pm,(032) 253 0146,,,
Rose Pharmacy Inc.,,,Pharmacy,Andres Abellana St,Open until 10:00 pm,(032) 266 0638,http://www.rosepharmacy.com/,https://www.gstatic.com/images/icons/material/system_gm/1x/public_gm_blue_20dp.png,Website
Rose Pharmacy,3.4,(7),Pharmacy,"Unit 1, University of, Gov. M. Cuenco Flyover",,(032) 231 9733,http://www.rosepharmacy.com/,https://www.gstatic.com/images/icons/material/system_gm/1x/public_gm_blue_20dp.png,Website
Retts Pharmacy and General Merchandise,,,Pharmacy,440 P. Burgos St,Open until 6:00 pm,(032) 344 2591,,,
Delilah Pharmacy and General Merchandise,4.0,(1),Pharmacy,"151-C, Ouano Avenue",,(032) 420 3096,,,
Pharmacy,3.6,(7),Pharmacy,"SPC Medical Spc. Ty Center PSH, Gonzales Compound, Gorordo Ave",,(032) 233 8620,,,
Rose Pharmacy,3.7,(3),Pharmacy,"V. Rama Avenue, Guadalupe",Open until 10:00 pm,(032) 254 9544,http://www.rosepharmacy.com/,https://www.gstatic.com/images/icons/material/system_gm/1x/public_gm_blue_20dp.png,Website
Rose Pharmacy,4.5,(4),Pharmacy,"Express Inn, J. Luna M.J. Cuenco Ave",Open until 12:00 am,(032) 236 0154,http://www.rosepharmacy.com/,https://www.gstatic.com/images/icons/material/system_gm/1x/public_gm_blue_20dp.png,Website
Sleepless Pharmacy,5.0,(1),Pharmacy,"Gaisano Country Mall, Camp Lapulapu Road",Open until 7:00 pm,(032) 254 6391,,,
Rpy Pharmacy,,,Pharmacy,"Plaridel Street, Consolacion, Cansaga",,(032) 564 3233,,,
Rose Pharmacy,3.1,(9),Pharmacy,"Avila Bldg, Colon St",Open until 9:00 pm,(032) 255 6505,http://www.rosepharmacy.com/,https://www.gstatic.com/images/icons/material/system_gm/1x/public_gm_blue_20dp.png,Website
Pharmacy Alen,4.3,(3),Pharmacy,3 OPRRA Unit One [one way],,(032) 254 7217,,,
Rose Pharmacy,3.7,(3),Pharmacy,"Piazza Elesia Comm'l. Bldg., Talamban",Open until 12:00 am,(032) 344 6771,http://www.rosepharmacy.com/,https://www.gstatic.com/images/icons/material/system_gm/1x/public_gm_blue_20dp.png,Website
Rose Pharmacy,2.8,(5),Homeopathic pharmacy,,Open until 9:00 pm,(032) 260 7310,https://www.rosepharmacy.com/store-finder/rose-pharmacy-cebu-a-it-park/,https://www.gstatic.com/images/icons/material/system_gm/1x/public_gm_blue_20dp.png,Website
Rose Pharmacy,4.0,(1),Pharmacy,"Salvador ext.,Labangon",Open until 11:00 pm,(032) 260 1421,http://www.rosepharmacy.com/,https://www.gstatic.com/images/icons/material/system_gm/1x/public_gm_blue_20dp.png,Website
Boss Pharmacy and General Merchandise,2.1,(7),Pharmacy,"462, Gorordo Avenue, Lahug",Open until 9:00 pm,(032) 414 7273,,,
4k Pharmacy,5.0,(1),Pharmacy,Rizal Ave Ext.,Open until 9:00 pm,(032) 345 1379,,,
Bing Pharmacy,3.3,(4),Pharmacy,V Rama Ave,Open until 9:00 pm,(032) 422 8251,https://www.facebook.com/Bing-Pharmacy-Mandaue-Branch-165022546905725/info/?tab=page_info,https://www.gstatic.com/images/icons/material/system_gm/1x/public_gm_blue_20dp.png,Website
TGP - The Generics Pharmacy - Figuracion Ritchy,3.0,(3),Pharmacy,S.B. Cabahug,Open until 6:00 pm,0932 250 7050,https://tgp.com.ph/branches/?city_id=26,https://www.gstatic.com/images/icons/material/system_gm/1x/public_gm_blue_20dp.png,Website
Nature Care Pharmacy,,,Pharmacy,A. Del Rosario St,,(032) 260 0083,,,
Alfar Pharmacy Jagobiao,4.4,(5),Pharmacy,H. Abellana St,Open until 6:00 pm,(032) 253 0146,,,
Emma's Pharmacy,5.0,(2),Pharmacy,Corner Camella Homes Lawaan 1,Open until 9:30 pm,(032) 273 8137,,,
JEG Pharmacy,5.0,(2),Pharmacy,69 Francisco Llamas St,,(032) 340 1324,,,
Rose Pharmacy,3.5,(6),Pharmacy,"Ayala Center Cebu, Stall 277, 2nd Flr. Cebu Business Park",Open until 10:00 pm,(032) 233 7844,http://www.rosepharmacy.com/,https://www.gstatic.com/images/icons/material/system_gm/1x/public_gm_blue_20dp.png,Website
Rose Pharmacy,4.7,(6),Pharmacy,"M. Diaz Building, Cor Don Jose Avila St",Open until 11:00 pm,(032) 230 5013,http://www.rosepharmacy.com/,https://www.gstatic.com/images/icons/material/system_gm/1x/public_gm_blue_20dp.png,Website
Zarri Pharmacy & General Merchandise,4.5,(2),Pharmacy,"39, N. Escario Street, Kamputhaw",,(032) 231 2472,,,
N.H. Pharmacy,4.0,(1),Pharmacy,N Escario St,Open until 9:00 pm,(032) 254 9544,,,
Rose Pharmacy,4.4,(5),Pharmacy,Gov. M. Cuenco Ave,Open until 11:00 pm,(032) 239 4153,http://www.rosepharmacy.com/,https://www.gstatic.com/images/icons/material/system_gm/1x/public_gm_blue_20dp.png,Website
JPG Pharmacy,1.0,(1),Pharmacy,P. Cabantan,Open until 7:00 pm,(032) 232 1486,,,
Rose Pharmacy,4.4,(5),Pharmacy,Gorordo Ave,Open until 11:00 pm,(032) 239 0901,http://www.rosepharmacy.com/,https://www.gstatic.com/images/icons/material/system_gm/1x/public_gm_blue_20dp.png,Website
Rose Pharmacy,3.3,(3),Pharmacy,"Bridges Town Square, Plaridel St",Open until 10:00 pm,(032) 268 7665,http://www.rosepharmacy.com/,https://www.gstatic.com/images/icons/material/system_gm/1x/public_gm_blue_20dp.png,Website
Cashmer Pharmacy,5.0,(1),Pharmacy,,Open until 10:30 pm,(032) 254 7217,,,
Rose Pharmacy,3.7,(3),Pharmacy,Gov. M. Cuenco Ave,Open until 12:00 am,(032) 239 4153,http://www.rosepharmacy.com/,https://www.gstatic.com/images/icons/material/system_gm/1x/public_gm_blue_20dp.png,Website
Rose Pharmacy,3.4,(11),Pharmacy,"G/F-5, Ground Floor, Gagfa I.T Center, Access road,Mabolo",Open until 11:00 pm,(032) 262 0082,http://www.rosepharmacy.com/,https://www.gstatic.com/images/icons/material/system_gm/1x/public_gm_blue_20dp.png,Website
Tri Gie's Pharmacy & General Merchandise,4.0,(1),Pharmacy,86 Salvador St,Open until 11:00 pm,(032) 272 3504,,,
Generic Pharmacy,2.1,(7),Pharmacy,Tabada St,Open until 9:00 pm,(032) 414 7273,,,
ROSE PHARMACY C PLAZA,5.0,(2),Pharmacy,"C Plaza, Pajac-Maribago Rd",Open until 9:30 pm,(032) 345 1379,https://www.rosepharmacy.com/,https://www.gstatic.com/images/icons/material/system_gm/1x/public_gm_blue_20dp.png,Website
Rose Pharmacy,3.7,(3),Pharmacy,North Road,Open until 11:00 pm,(032) 343 8173,http://www.rosepharmacy.com/,https://www.gstatic.com/images/icons/material/system_gm/1x/public_gm_blue_20dp.png,Website
LGL Pharmacy and General Merchandise,5.0,(1),Pharmacy,"157, P. Cabantan Street",Open until 6:00 pm,(032) 232 8546,,,
The Generics Pharmacy,4.0,(1),Pharmacy,V Rama Ave,,(032) 253 4969,,,
La Nueva Pharmacy,4.3,(4),Pharmacy,499 F. Jaca St,Open until 7:00 pm,(032) 412 0781,,,
Rose Pharmacy,4.0,(2),Pharmacy,"Cor. De La Cerna-Osmeña St., Lapu-Lapu City, Cebu",Open until 10:00 pm,(032) 340 5725,http://www.rosepharmacy.com/,https://www.gstatic.com/images/icons/material/system_gm/1x/public_gm_blue_20dp.png,Website
La Nueva Pharmacy - Minglanilla,3.3,(3),Pharmacy,Brgy,Open until 8:00 pm,(032) 256 2898,,,
New Sacred Heart Pharmacy,1.7,(3),Pharmacy,19 B. Rodriguez St,Open until 10:00 pm,(032) 253 5357,,,
Threesixty Pharmacy,4.0,(1),Pharmacy,La Guardia St,Open until 11:00 pm,(032) 230 5013,,,
Kier's Pharmacy,4.5,(2),Pharmacy,Tagbilaran North Road,Open until 9:45 pm,(038) 416 0090,,,
Rose Pharmacy,4.0,(2),Pharmacy,"One Pavillion Mall, 19-20 GF One Pavillion Mall, Duterte St. Guadalupe",Open until 9:00 pm,(032) 236 9477,http://www.rosepharmacy.com/,https://www.gstatic.com/images/icons/material/system_gm/1x/public_gm_blue_20dp.png,Website
Rose Pharmacy,3.7,(3),Pharmacy,"Skyrise 1, I. Villa St",Open until 11:00 pm,(032) 239 4153,https://www.rosepharmacy.com/,https://www.gstatic.com/images/icons/material/system_gm/1x/public_gm_blue_20dp.png,Website
RRR Pharmacy,1.0,(1),Pharmacy,21 B. Rodriguez St,Open until 7:00 pm,(032) 412 4275,,,
360 Pharmacy Kinasang - An,5.0,(2),Pharmacy,"1256 Natalio B. Bacalso Ave, Kinasang-an , Pardo Natalio B. Bacalso Ave",Open until 11:00 pm,(032) 239 0901,,,
Medicine Pharmacy,3.3,(3),Pharmacy,"17, Island City Mall, Rajah Sikatuna Ave",Open until 10:00 pm,(032) 268 7665,http://www.medicineshoppe.com/,https://www.gstatic.com/images/icons/material/system_gm/1x/public_gm_blue_20dp.png,Website
Rose Pharmacy,1.0,(1),Pharmacy,"Ground Floor, Gaisano Capital Casuntingan, M. L.Quezon Avenue, Casuntingan",Open until 9:00 pm,0920 949 1792,http://www.rosepharmacy.com/,https://www.gstatic.com/images/icons/material/system_gm/1x/public_gm_blue_20dp.png,Website
Alfar Pharmacy Basak,3.0,(1),Pharmacy,Pagsabungan,Open until 12:00 am,0905 967 0312,,,
Eims Pharmacy and General Merchandise,3.4,(11),Pharmacy,"81, Francisco Llamas Street, Basak San Nicolas",Open until 11:00 pm,(032) 264 4293,,,
Rose Pharmacy,4.0,(2),Pharmacy,"Paseo Saturnino,Luisa road",Open until 11:00 pm,(032) 564 9839,http://www.rosepharmacy.com/,https://www.gstatic.com/images/icons/material/system_gm/1x/public_gm_blue_20dp.png,Website
Alfar Pharmacy,2.1,(7),Pharmacy,Hernan Cortes St,Open until 9:00 pm,0905 650 9722,,,
Malunjao's Pharmacy & General Merchandise,5.0,(2),Pharmacy,V & G St,Open until 9:30 pm,(032) 423 9572,,,
Garland Pharmacy and General Merchandise,5.0,(1),Pharmacy,"P. Cabantan Street, Mabolo, Barangay Luz",Open until 11:00 pm,(032) 232 4131,,,
Rose Pharmacy,5.0,(2),Pharmacy,933 V Rama Ave,Open until 6:00 pm,(032) 253 4381,http://www.rosepharmacy.com/,https://www.gstatic.com/images/icons/material/system_gm/1x/public_gm_blue_20dp.png,Website
The Generics Pharmacy,4.0,(3),Pharmacy,2-A C. Rodriguez Street,,(032) 505 6803,https://tgp.com.ph/,https://www.gstatic.com/images/icons/material/system_gm/1x/public_gm_blue_20dp.png,Website
ThreeSixty Pharmacy,3.5,(2),Pharmacy,170 Lopez Jaena St,Open until 12:00 am,(032) 236 9122,https://www.facebook.com/threesixtypharmacy,https://www.gstatic.com/images/icons/material/system_gm/1x/public_gm_blue_20dp.png,Website
Rose Pharmacy,4.0,(2),Pharmacy,Gaisano Tisa Labangon,Open until 8:30 pm,(032) 262 7387,,,
Rose Pharmacy- Pardo,4.0,(1),Pharmacy,"SVB Building, GF-1486",Open until 10:00 pm,(032) 238 2214,https://www.rosepharmacy.com/store-finder/pardo-branch/,https://www.gstatic.com/images/icons/material/system_gm/1x/public_gm_blue_20dp.png,Website
Rose Pharmacy,5.0,(2),Pharmacy,"Gaisano Annex Building, Basement, M L 6015,, M.L. Quezon National Highway",Open until 9:00 pm,(032) 341 0955,http://www.rosepharmacy.com/,https://www.gstatic.com/images/icons/material/system_gm/1x/public_gm_blue_20dp.png,Website
Southern Pharmacy,4.0,(1),Pharmacy,"Juliana Trade Center, 219 Magallanes St",Open until 8:00 pm,(032) 254 1035,,,
La Nueva Pharmacy,3.0,(1),Pharmacy,Colon St,Open until 8:00 pm,(032) 412 2108,,,
Well-Care Pharmacy,1.0,(1),Pharmacy,"242, Gorordo Avenue, Camputhaw",Open until 9:00 pm,(032) 233 6153,,,
Rose Pharmacy,3.7,(3),Pharmacy,"Gaisano South Corner Colon & Leon Kilat Sts., Cebu Ctiy",Open until 8:30 pm,(032) 239 8203,http://www.rosepharmacy.com/,https://www.gstatic.com/images/icons/material/system_gm/1x/public_gm_blue_20dp.png,Website
Completesolution Pharmacy and General Merchandise,1.0,(1),Pharmacy,174 Gov. M. Roa St,Open until 7:00 pm,(032) 253 1188,http://www.completesolutionpharmacy.com/,https://www.gstatic.com/images/icons/material/system_gm/1x/public_gm_blue_20dp.png,Website
"American Compounding Pharmacy, Inc.",5.0,(2),Pharmacy,"MGA Arcade, A. C. Cortes Ave",Open until 11:00 pm,(032) 268 8278,,,
The Generics Pharmacy,3.3,(3),Pharmacy,"National Highway, Basak",Open until 10:00 pm,(032) 421 1569,,,
Ever Green Pharmacy,1.0,(1),Pharmacy,Dionisio Jakosalem Street,Open until 9:00 pm,(032) 231 2070,,,
Evercare Pharmacy,5.0,(1),Pharmacy,Colon St,Open until 7:00 pm,(032) 253 4880,,,
The Generics Pharmacy,3.4,(11),Pharmacy,Hernan Cortes St,Open until 8:00 pm,(032) 236 1271,,,
Rose Pharmacy,5.0,(1),Pharmacy,"APM North, F. Cabahug St",Open until 11:00 pm,(032) 260 7310,http://www.rosepharmacy.com/,https://www.gstatic.com/images/icons/material/system_gm/1x/public_gm_blue_20dp.png,Website
TGP The Generics Pharmacy,2.1,(7),Pharmacy,"CORNER ARCHBISHOP REYES AVENUE & CABANTAN ST., CEBU CITY",Open until 9:00 pm,0905 650 9722,http://www.tgp.com.ph/,https://www.gstatic.com/images/icons/material/system_gm/1x/public_gm_blue_20dp.png,Website
Rose Pharmacy,4.4,(5),Pharmacy,"Gaisano Grand Mall.,Poblacion East",Open until 9:30 pm,(032) 474 8053,http://www.rosepharmacy.com/,https://www.gstatic.com/images/icons/material/system_gm/1x/public_gm_blue_20dp.png,Website
Three Sixty Pharmacy,5.0,(3),Pharmacy,"Grand Orchard Building, N. Bacalso St Avenue",Open until 11:30 pm,(032) 262 5902,http://www.facebook.com/threesixtypharmacy,https://www.gstatic.com/images/icons/material/system_gm/1x/public_gm_blue_20dp.png,Website
5th Avenue Pharmacy,5.0,(1),Pharmacy,"Angelica Building, Osmeña Blvd",Open until 7:00 pm,(032) 419 9612,,,
TGP The Generics Pharmacy,4.0,(3),Pharmacy,NO. 47-1 Katipunan St,Open until 9:00 pm,(032) 505 6803,http://www.tgp.com.ph/,https://www.gstatic.com/images/icons/material/system_gm/1x/public_gm_blue_20dp.png,Website
Marthel Pharmacy,3.5,(2),Pharmacy,Negros South Road,Open until 12:00 am,(032) 236 9122,,,
Majesty Pharmacy,5.0,(5),Pharmacy,Magallanes St,Open until 6:00 pm,(032) 256 0877,https://www.majestypharma.com/,https://www.gstatic.com/images/icons/material/system_gm/1x/public_gm_blue_20dp.png,Website
Ana Pharmacy,4.0,(1),Pharmacy,Progreso St,Open until 8:00 pm,(032) 254 3127,,,
CHG Pharmacy,5.0,(1),Pharmacy,62 Magallanes St,Open until 7:00 pm,(032) 256 1100,,,
Rose Pharmacy,3.0,(1),Pharmacy,"Prince Warehouse Club, A. C. Cortes Ave",Open until 10:00 pm,(032) 345 0156,http://www.rosepharmacy.com/,https://www.gstatic.com/images/icons/material/system_gm/1x/public_gm_blue_20dp.png,Website
Rose Pharmacy- Shopwise Basak,3.3,(3),Pharmacy,Cebu S Rd,Open until 12:00 am,(032) 261 0109,http://www.rosepharmacy.com/,https://www.gstatic.com/images/icons/material/system_gm/1x/public_gm_blue_20dp.png,Website
TGP The Generics Pharmacy,1.0,(1),Pharmacy,"POBLACION, MINGLANILLA, CEBU",Open until 9:00 pm,(032) 233 6153,http://www.tgp.com.ph/,https://www.gstatic.com/images/icons/material/system_gm/1x/public_gm_blue_20dp.png,Website
Rose Pharmacy Store Support Center,2.5,(4),Pharmacy,"3rd Floor FLC Building, Hernan Cortez St., cor. F. Cabahug St., Subangdaku",Closing soon: 5:00 pm,(032) 230 5000,http://www.rosepharmacy.com/,https://www.gstatic.com/images/icons/material/system_gm/1x/public_gm_blue_20dp.png,Website
TGP The Generics Pharmacy,1.0,(1),Pharmacy,"76 NASIPIT, TALAMBAN, CEBU CITY, CEBU",Open until 9:00 pm,(032) 253 1188,http://www.tgp.com.ph/,https://www.gstatic.com/images/icons/material/system_gm/1x/public_gm_blue_20dp.png,Website
Cortes Pharmacy,5.0,(2),Pharmacy,Siquijor Circumferential Road,Open until 11:00 pm,(032) 268 8278,,,
TGP The Generics Pharmacy,2.7,(3),Pharmacy,"MARKET STALL, PIT-OS, CEBU CITY",Open until 9:00 pm,(032) 253 8595,http://www.tgp.com.ph/,https://www.gstatic.com/images/icons/material/system_gm/1x/public_gm_blue_20dp.png,Website
ThreeSixty Pharmacy,2.0,(1),Pharmacy,Gabuya St,Open until 10:00 pm,(032) 236 1471,,,
Lieble Pharmacy,5.0,(1),Pharmacy,Buaya,Open until 7:30 pm,(032) 495 9231,,,
Rose Pharmacy,4.5,(6),Pharmacy,"Stramall, Natalio B. Bacalso National Highway",Open until 7:30 pm,(032) 236 1271,http://www.rosepharmacy.com/,https://www.gstatic.com/images/icons/material/system_gm/1x/public_gm_blue_20dp.png,Website
Rose Pharmacy,3.3,(3),Pharmacy,"Plaza Margarita, Sandayong",Open until 10:00 pm,(032) 239 1811,http://www.rosepharmacy.com/,https://www.gstatic.com/images/icons/material/system_gm/1x/public_gm_blue_20dp.png,Website
Three Sixty Pharmacy,3.5,(2),Pharmacy,53 J. Urgello St,Open until 9:00 pm,(032) 236 9122,https://www.facebook.com/threesixtypharmacy/,https://www.gstatic.com/images/icons/material/system_gm/1x/public_gm_blue_20dp.png,Website
Calape Pharmacy,2.0,(2),Pharmacy,Tagbilaran North Road,Open until 9:30 pm,(032) 474 8053,,,
Rose Pharmacy,4.4,(8),Pharmacy,"Cebu Corporate Accts., Highway Guizo, Mandaue City, Cebu",Open until 9:00 pm,(032) 343 3622,http://www.rosepharmacy.com/,https://www.gstatic.com/images/icons/material/system_gm/1x/public_gm_blue_20dp.png,Website
La Nueva Pharmacy,5.0,(1),Pharmacy,,Open until 8:00 pm,(032) 256 2898,https://www.facebook.com/lanuevapharmacy/,https://www.gstatic.com/images/icons/material/system_gm/1x/public_gm_blue_20dp.png,Website
Threesixty Pharmacy,4.0,(3),Pharmacy,100 Kamuning St,Open until 9:00 pm,0933 568 4709,https://www.facebook.com/threesixtypharmacy/,https://www.gstatic.com/images/icons/material/system_gm/1x/public_gm_blue_20dp.png,Website
The Generics Pharmacy,3.5,(2),Pharmacy,Talamban Hoghway,Open until 12:00 am,(032) 266 2627,http://www.tgf.com.ph/,https://www.gstatic.com/images/icons/material/system_gm/1x/public_gm_blue_20dp.png,Website
Rose Pharmacy,2.2,(5),Pharmacy,"The Arcade, M.L Quezon Avenue , Pajo , 6015 Lapu-Lapu City , Cebu",Open until 10:00 pm,(032) 233 7844,http://www.rosepharmacy.com/,https://www.gstatic.com/images/icons/material/system_gm/1x/public_gm_blue_20dp.png,Website
Three Sixty Pharmacy,3.7,(3),Pharmacy,Santander - Barili - Toledo Rd,Open until 8:00 pm,(032) 267 0053,,,
July Pharmacy,3.4,(8),Pharmacy,G.Y Dela Serna Street,Open until 7:00 pm,(032) 268 6992,,,
Rose Pharmacy,4.0,(6),Pharmacy,San Isidro Road,Open until 11:00 pm,(032) 268 6275,http://www.rosepharmacy.com/,https://www.gstatic.com/images/icons/material/system_gm/1x/public_gm_blue_20dp.png,Website
ThreeSixty Pharmacy,3.8,(11),Pharmacy,National Hwy,Open until 10:00 pm,(032) 340 6844,,,
Three Sixty Pharmacy,3.6,(5),Pharmacy,M. L. Quezon Ave,Open until 11:00 pm,(032) 344 3755,,,
Rose Pharmacy - Balamban,5.0,(1),Pharmacy,482 Cebu Transcentral Hwy,Closing soon: 5:00 pm,(032) 230 5000,,,
Lifemart Pharmacy,1.0,(1),Pharmacy,Basak-Cagodoy-Bankal-Buaya Road,Open until 9:00 pm,(032) 253 1188,,,
Aloe Pharmacy & General Merchandise,5.0,(2),Pharmacy,Eduarda Manales Building,Open until 11:00 pm,(032) 341 1789,,,
Rose Pharmacy,2.7,(3),Pharmacy,"GF Starmall Azienda, Sea View Heights Subdivision, Lawaan",Open until 8:00 pm,(032) 231 2817,http://www.rosepharmacy.com/,https://www.gstatic.com/images/icons/material/system_gm/1x/public_gm_blue_20dp.png,Website
La Nueva Pharmacy,2.0,(1),Pharmacy,Tres de Abril St,Open until 11:00 pm,(032) 239 4669,http://lanuevapharmacy.wordpress.com/,https://www.gstatic.com/images/icons/material/system_gm/1x/public_gm_blue_20dp.png,Website
Threesixty Pharmacy,4.0,(2),Pharmacy,,Open until 7:30 pm,(032) 495 9231,,,
Rose Pharmacy,4.5,(6),Pharmacy,"Ground Floor, CP Building, Sitio Datag, M.L. Quezon National Highway",Open until 10:00 pm,(032) 268 0771,http://www.rosepharmacy.com/,https://www.gstatic.com/images/icons/material/system_gm/1x/public_gm_blue_20dp.png,Website
Rose Pharmacy- SM City Cebu,5.0,(2),Pharmacy,"SM City Cebu, Unit 159, Upper GF, SM City, 8th St., Reclamation Area",Open until 9:00 pm,(032) 232 0608,http://www.rosepharmacy.com/,https://www.gstatic.com/images/icons/material/system_gm/1x/public_gm_blue_20dp.png,Website
The Generics Pharmacy,3.5,(2),Pharmacy,"Crossing Marigondon, Basak-Marigondon Rd",Open until 9:00 pm,(032) 511 8781,,,
ThreeSixty Pharmacy,3.0,(1),Pharmacy,"North Road Plaza Building, North Road",Open until 11:00 pm,(032) 520 8063,,,
TGP The Generics Pharmacy,4.4,(8),Pharmacy,"GROUND FLOOR NO. 85 OSMEÑA BOULEVARD, CEBU CITY",Open until 9:00 pm,(032) 343 3622,http://www.tgp.com.ph/,https://www.gstatic.com/images/icons/material/system_gm/1x/public_gm_blue_20dp.png,Website
Jobee Pharmacy and Grocery,5.0,(1),Pharmacy,,Open until 8:00 pm,(032) 256 2898,,,
TGP The Generics Pharmacy,4.0,(3),Pharmacy,"SHOPPE NO. 102 COCO MALL, OSMEÑA BLVD. CORNER MARIA CRISTINA ST., CEBU CITY",Open until 9:00 pm,0933 568 4709,http://www.tgp.com.ph/,https://www.gstatic.com/images/icons/material/system_gm/1x/public_gm_blue_20dp.png,Website
360 Pharmacy,5.0,(1),Pharmacy,"Maximo Patalinghog Road , Quezon National Road, Marigondon Beach Rd",Open until 12:00 am,(032) 266 2627,,,
Mom's Best Value Pharmacy,2.2,(5),Pharmacy,"Ground Floor, Sunergia Bldg., 85 Osmeña Blvd",Open until 10:00 pm,(032) 254 9983,http://momsbvpharmacy.com/,https://www.gstatic.com/images/icons/material/system_gm/1x/public_gm_blue_20dp.png,Website
Watsons Pharmacy,5.0,(1),Pharmacy,"Ground Floor Savemore Market Basak, 31 National Highway, Barangay Basak",Open until 8:00 pm,(02) 7902 8888,http://www.watsons.com.ph/,https://www.gstatic.com/images/icons/material/system_gm/1x/public_gm_blue_20dp.png,Website
TGP The Generics Pharmacy,3.0,(1),Pharmacy,"HERNAN CORTES ST., SUBANGDAKU, MANDAUE CITY, CEBU",Open until 9:00 pm,(032) 268 6992,http://www.tgp.com.ph/,https://www.gstatic.com/images/icons/material/system_gm/1x/public_gm_blue_20dp.png,Website
Mercury Drug,3.6,(5),Pharmacy,120 Colon St,Open until 11:00 pm,(032) 253 0513,http://www.mercurydrug.com/,https://www.gstatic.com/images/icons/material/system_gm/1x/public_gm_blue_20dp.png,Website
Jes Pharmacy & Gen. Merchandise,3.8,(11),Pharmacy,Candido Padilla St,Closing soon: 5:00 pm,(032) 262 2192,,,
Rose Pharmacy,3.6,(5),Pharmacy,"Shangs Island Town Center, Datag",Open until 9:00 pm,(032) 236 6677,http://www.rosepharmacy.com/,https://www.gstatic.com/images/icons/material/system_gm/1x/public_gm_blue_20dp.png,Website
Golden Care Pharmacy,5.0,(1),Pharmacy,P. Cabantan,Open until 6:00 pm,(032) 419 1499,,,
ThreeSixty Pharmacy,4.0,(2),Pharmacy,M. L. Quezon Ave,Open until 9:00 pm,(032) 236 4390,,,
5th Avenue Pharmacy,5.0,(2),Pharmacy,Gonzales Compound,Open until 11:00 pm,(032) 414 0595,,,
Rose Pharmacy,3.1,(14),Pharmacy,"Robinsons Mall, Fuente Osmeña Cir",Open until 8:00 pm,(032) 253 4080,http://www.rosepharmacy.com/,https://www.gstatic.com/images/icons/material/system_gm/1x/public_gm_blue_20dp.png,Website
TGP The Generics Pharmacy,3.3,(4),Pharmacy,"Doña Luisa Building, Fuente Osmeña Cir",Open until 9:00 pm,(032) 239 4669,http://www.tgp.com.ph/,https://www.gstatic.com/images/icons/material/system_gm/1x/public_gm_blue_20dp.png,Website
Rose Pharmacy- Gun-ob,4.0,(2),Pharmacy,"FFG Arcade, A. Tumulak St",Open until 9:30 pm,(032) 495 9231,,,
Azucenas Pharmacy and General Merchandise,2.0,(1),Pharmacy,Matumbo-Pusok Road,Open until 10:00 pm,(032) 495 4649,,,
Alfar Pharmacy Tabok 1,4.0,(2),Pharmacy,P.C.Sulco,Open until 7:00 pm,(032) 232 0608,,,
Rose Pharmacy- Tita Gwapa Umapad,5.0,(1),Pharmacy,"and Plaridel St., Umapad,, G Ouano St",Open until 10:00 pm,(032) 520 2043,http://www.rosepharmacy.com/,https://www.gstatic.com/images/icons/material/system_gm/1x/public_gm_blue_20dp.png,Website
Rose Pharmacy- Timex,3.0,(1),Pharmacy,"Inc, Timex Philippines Incorporated",Open until 6:00 pm,0918 804 1424,http://www.rosepharmacy.com/,https://www.gstatic.com/images/icons/material/system_gm/1x/public_gm_blue_20dp.png,Website
TGP The Generics Pharmacy,1.0,(1),Pharmacy,"A1-A SHANGS MACTAN TOWN CENTER, M.L. QUEZON NATIONAL HIGHWAY, BRGY. PAJO, LAPU-L",Open until 9:00 pm,(032) 343 3622,http://www.tgp.com.ph/,https://www.gstatic.com/images/icons/material/system_gm/1x/public_gm_blue_20dp.png,Website
ThreeSixty Pharmacy,1.0,(1),Pharmacy,F. Ramos St,Open until 8:00 pm,(032) 256 2898,,,
TGP The Generics Pharmacy,4.0,(3),Pharmacy,F. Jaca St,Open until 9:00 pm,0933 568 4709,http://www.tgp.com.ph/,https://www.gstatic.com/images/icons/material/system_gm/1x/public_gm_blue_20dp.png,Website
Alfar Pharmacy,5.0,(1),Pharmacy,Saac - 1,Open until 12:00 am,0905 596 0466,,,
Three Sixty Pharmacy - Legaspi,2.2,(5),Pharmacy,"Legaspi Street corner Colon, Cebu City, Cebu",Open until 12:00 am,(032) 254 8601,https://www.facebook.com/threesixtypharmacy/,https://www.gstatic.com/images/icons/material/system_gm/1x/public_gm_blue_20dp.png,Website
Rose Pharmacy,3.7,(3),Pharmacy,"GF , Mactan Marina Mall, Airport Road , 6015 Lapu-Lapu City , Cebu",Open until 12:00 am,(032) 342 8439,http://www.rosepharmacy.com/,https://www.gstatic.com/images/icons/material/system_gm/1x/public_gm_blue_20dp.png,Website
Dr. Iben Ting Pharmacy,3.0,(1),Pharmacy,V. Urgello St,Open until 8:00 pm,(032) 268 6992,,,
TGP The Generics Pharmacy,3.6,(5),Pharmacy,"PAJAC-BANKAL RD., LAPU-LAPU CITY, CEBU",Open until 9:00 pm,(032) 253 0513,http://www.tgp.com.ph/,https://www.gstatic.com/images/icons/material/system_gm/1x/public_gm_blue_20dp.png,Website
Three Sixty Pharmacy,3.7,(3),Pharmacy,727 A. S. Fortuna St,Open until 10:00 pm,(032) 420 1901,http://www.threesixtypharmacy.com.ph/,https://www.gstatic.com/images/icons/material/system_gm/1x/public_gm_blue_20dp.png,Website
St. John Bosco Pharmacy,3.6,(5),Homeopathic pharmacy,V.H.Garces,Open until 9:00 pm,(032) 491 9225,,,
Golden Bestway Pharmacy,5.0,(1),Pharmacy,A. C. Cortes Ave,Open until 6:00 pm,(032) 420 5711,,,
Rose Pharmacy- Mandaue Centro,4.0,(2),Pharmacy,"Mandaue Public Market, Zamora St., Mandaue City, Cebu",Open until 9:00 pm,(032) 345 0330,http://www.rosepharmacy.com/,https://www.gstatic.com/images/icons/material/system_gm/1x/public_gm_blue_20dp.png,Website
Threesixty Pharmacy,1.0,(2),Pharmacy,A. C. Cortes Ave,Open until 11:00 pm,(032) 420 1809,,,
Mom's Best Value Pharmacy,5.0,(1),Pharmacy,F. Ramos St,Open until 10:00 pm,(032) 253 4080,,,
Threesixty Pharmacy,3.7,(3),Pharmacy,Francisco Llamas St,Open until 11:00 pm,(032) 261 6426,,,
Threesixty Pharmacy,4.0,(2),Pharmacy,"Sangi Road, Dumlog, Talisay City Philippines",Open until 9:30 pm,(032) 268 2358,http://www.threesixtypharmacy.com.ph/,https://www.gstatic.com/images/icons/material/system_gm/1x/public_gm_blue_20dp.png,Website
ThreeSixty Pharmacy,2.7,(6),Pharmacy,Gov. M. Cuenco Ave,Open until 12:00 am,(032) 495 4649,,,
Vive Pharmacy,4.0,(2),Pharmacy,"858 Katipunan St., Tisa Cebu City",Open until 10:00 pm,0947 309 1923,,,
ThreeSixty Pharmacy,4.0,(2),Pharmacy,Natalio B. Bacalso Ave,Open until 10:00 pm,(032) 520 2043,http://www.threesixtypharmacy.com.ph/,https://www.gstatic.com/images/icons/material/system_gm/1x/public_gm_blue_20dp.png,Website
TGP The Generics Pharmacy,4.7,(3),Pharmacy,"509 MH AZNAR ROAD, SAMBAG 1, CEBU CITY, CEBU",Open until 9:00 pm,0918 804 1424,http://www.tgp.com.ph/,https://www.gstatic.com/images/icons/material/system_gm/1x/public_gm_blue_20dp.png,Website
Mercury Drug,3.0,(2),Pharmacy,S.B. Cabahug,Open until 9:00 pm,(032) 236 2779,https://www.mercurydrug.com/,https://www.gstatic.com/images/icons/material/system_gm/1x/public_gm_blue_20dp.png,Website
TGP The Generics Pharmacy,1.0,(1),Pharmacy,"DOOR 8 E & P ARCADE, MAXIMO V. PATALINGHUG JR., AVE., BASAK, LAPU-LAPU CITY, CEB",Open until 9:00 pm,(032) 256 2898,http://www.tgp.com.ph/,https://www.gstatic.com/images/icons/material/system_gm/1x/public_gm_blue_20dp.png,Website
ThreeSixty Pharmacy,3.0,(1),Pharmacy,Katipunan St,Open until 9:00 pm,0933 568 4709,,,
Three Sixty Pharmacy,1.0,(1),Pharmacy,"PDI Condominium, Gov. M. Cuenco Ave",Open until 12:00 am,(032) 416 1799,http://www.threesixtypharmacy.com.ph/,https://www.gstatic.com/images/icons/material/system_gm/1x/public_gm_blue_20dp.png,Website
SOUTHSTAR DRUG,2.2,(5),Pharmacy,"ROBINSONS SUPERMARKET, G/F TALAMBAN TIME SQUARE",Open until 9:00 pm,(032) 254 8601,http://www.southstardrug.com.ph/,https://www.gstatic.com/images/icons/material/system_gm/1x/public_gm_blue_20dp.png,Website
Eimmars Drug Center,5.0,(1),Pharmacy,"Siquijor Circumferential Road, Pangi",Open until 12:00 am,(035) 480 9026,,,
Milky Way Pharmacy,3.0,(1),Pharmacy,,Open until 8:00 pm,(032) 268 6992,,,
Rose Pharmacy,5.0,(1),Pharmacy,"J Center Mall #165 Brgy. Makilid, A. S. Fortuna St",Open until 9:00 pm,(032) 520 3608,http://www.rosepharmacy.com/,https://www.gstatic.com/images/icons/material/system_gm/1x/public_gm_blue_20dp.png,Website
SOUTHSTAR DRUG,3.3,(4),Pharmacy,"ROBINSONS SUPERMARKET, ROBINSONS PLACE FUENTE",Open until 9:00 pm,(032) 254 2018,http://www.southstardrug.com.ph/,https://www.gstatic.com/images/icons/material/system_gm/1x/public_gm_blue_20dp.png,Website
Corazon De Jesus Pharmacy,3.6,(5),Pharmacy,"77, M.C. Briones Street, Ermita",Open until 9:00 pm,(032) 256 2691,,,
ThreeSixty Pharmacy,4.5,(4),Pharmacy,,Open until 6:00 pm,(032) 420 5711,,,
Rose Pharmacy- Mactan Doc,4.0,(2),Pharmacy,"Washington Street, Formerly Farmacia Ester, Basak",Open until 9:00 pm,(032) 505 2124,http://www.rosepharmacy.com/,https://www.gstatic.com/images/icons/material/system_gm/1x/public_gm_blue_20dp.png,Website
Rose Pharmacy,4.3,(8),Pharmacy,"Robinson's MEPZ, Pueblo Verde, Basak, Lapu Lapu City, Cebu",Open until 11:00 pm,(032) 239 2817,http://www.rosepharmacy.com/,https://www.gstatic.com/images/icons/material/system_gm/1x/public_gm_blue_20dp.png,Website
Southstar Drug,5.0,(1),Pharmacy,General Maxilom Ave Ext,Open until 9:00 pm,(032) 261 4031,http://www.southstardrug.com.ph/,https://www.gstatic.com/images/icons/material/system_gm/1x/public_gm_blue_20dp.png,Website
JUGUIO QUIAO PHARMA TRADING/PHARMACY-Retailer,4.5,(2),Pharmacy,Sagbayan Public Market,Open until 8:00 pm,(038) 511 9610,,,
Evercare Pharmacy,3.0,(2),Pharmacy,"M. L. Quezon Street, Mandaue City",Open until 9:30 pm,(032) 344 3782,,,
Metro Pharmacy,3.0,(1),Pharmacy,,Open until 8:00 pm,(032) 416 8793,,,
Rose Pharmacy,3.0,(1),Pharmacy,"Gaio Grand Mall San, San Miguel Road",Open until 8:30 pm,(032) 260 4715,http://www.rosepharmacy.com/,https://www.gstatic.com/images/icons/material/system_gm/1x/public_gm_blue_20dp.png,Website
Threesixty Pharmacy,4.0,(2),Pharmacy,S. Osmeña Street,Open until 10:00 pm,(032) 520 2043,,,
Three Sixty Pharmacy - Jagobiao,4.7,(3),Pharmacy,Hiway Jagobiao,Open until 9:00 pm,(032) 420 9206,http://threesixtypharmacy.com.ph/,https://www.gstatic.com/images/icons/material/system_gm/1x/public_gm_blue_20dp.png,Website
ThreeSixty Pharmacy,4.3,(3),Pharmacy,Basak-Cagodoy-Bankal-Buaya Road,Open until 10:00 pm,(032) 236 2779,,,
Mercury Drug,3.5,(6),Pharmacy,B Inting St,Open until 9:00 pm,(038) 411 3087,https://www.mercurydrug.com/cgi-bin/branchdetail.py?id=a1c765e823b4940,https://www.gstatic.com/images/icons/material/system_gm/1x/public_gm_blue_20dp.png,Website
Lotus Pharmacy and General Merchandise,3.0,(1),Pharmacy,Jagna Wharf Rd,Open until 9:00 pm,0933 568 4709,,,
Catigbian Botika ng Bayan,3.0,(1),Pharmacy,Cortes - Balilihan - Catigbian - Macaas Rd,Closing soon: 5:00 pm,(032) 416 1799,,,
Jambo's Pharmacy,2.2,(5),Pharmacy,Datag,Open until 9:00 pm,(032) 268 8707,,,
La Nueva Pharmacy,5.0,(1),Pharmacy,A. Del Rosario St,Open until 11:00 pm,0932 307 6360,http://lanuevapharmacy.wordpress.com/,https://www.gstatic.com/images/icons/material/system_gm/1x/public_gm_blue_20dp.png,Website
Evercare Pharmacy,3.0,(1),Pharmacy,Saac 1,Open until 8:00 pm,(032) 236 8502,,,
Mercury Drug,4.3,(12),Pharmacy,Archbishop Reyes Ave,Open until 11:00 pm,(032) 234 0230,https://www.mercurydrug.com/,https://www.gstatic.com/images/icons/material/system_gm/1x/public_gm_blue_20dp.png,Website
Mercury Drug,3.0,(3),Pharmacy,"Gilig Bldg, Washington Rd",Open until 9:00 pm,(032) 268 3598,http://www.mercurydrug.com/,https://www.gstatic.com/images/icons/material/system_gm/1x/public_gm_blue_20dp.png,Website
Rose Pharmacy Arcada 5,2.0,(1),Graduate school,"6014, 472 Lopez Jaena St",Open until 10:00 pm,(032) 266 3080,https://www.rosepharmacy.com/store-finder/rose-pharmacy-arcada-5/,https://www.gstatic.com/images/icons/material/system_gm/1x/public_gm_blue_20dp.png,Website
Watsons Gaisano Grand Toledo,4.8,(4),Health and beauty shop,"Gaisano Grand Toledo, Toledo-Tabuelan-San Remigio, Road Sangi",Open until 9:00 pm,0917 671 6380,http://www.watsons.com.ph/,https://www.gstatic.com/images/icons/material/system_gm/1x/public_gm_blue_20dp.png,Website
Stop & Shop,5.0,(3),Clothing store,Canlingo,Open until 11:00 pm,0955 553 5377,,,
Armscor Shooting Center - Cebu,4.4,(23),Gun shop,"101, Centro Maximo Bldg D. Jakosalem St Cebu 6000 Cebu PH, Dionisio Jakosalem St",Open until 11:00 pm,(032) 412 6225,https://www.armscorshootingcenter.ph/branches/cebu-branch,https://www.gstatic.com/images/icons/material/system_gm/1x/public_gm_blue_20dp.png,Website
Palawan Pawnshop,5.0,(1),Pawn shop,Ms Condes Bldg,Open until 11:00 pm,(032) 273 6896,http://www.palawanpawnshop.com/,https://www.gstatic.com/images/icons/material/system_gm/1x/public_gm_blue_20dp.png,Website
"BPO Dan's Pharmacy, Zamboaguita Public Market",4.0,(2),Bank,National Road,Open until 8:00 pm,(038) 511 9610,,,
Mercury Drug,3.0,(2),Pharmacy,,Open until 11:00 pm,(034) 488 0208,https://www.mercurydrug.com/,https://www.gstatic.com/images/icons/material/system_gm/1x/public_gm_blue_20dp.png,Website
AYBC Trading,5.0,(4),Pharmaceutical products wholesaler,"RJ Ouano Bldg, M. C. Briones St",Open until 6:00 pm,(032) 262 3363,,,
Department Of Health,3.0,(2),Hospital,Osmeña Blvd,Open until 8:00 pm,0917 359 0354,,,
PDEA RO VII,2.5,(4),Regional government office,Doña Modesta Gaisano St,Open until 10:00 pm,(032) 341 0526,,,
DIVINE PROVIDER PHARMACY,4.8,(4),Pharmacy,Jalandoni St,Open until 7:00 pm,(032) 322 6317,http://www.fda.gov.ph/,https://www.gstatic.com/images/icons/material/system_gm/1x/public_gm_blue_20dp.png,Website
blue ocean holdings inc.,3.8,(4),Corporate office,"Club Ultima, 819 Osmeña Blvd",Open until 11:00 pm,(032) 494 1310,,,
Watsons City Mall San Carlos,5.0,(1),Health and beauty shop,"GF City Mall, Rizal St",Open until 9:00 pm,0917 815 6239,http://www.watsons.com.ph/,https://www.gstatic.com/images/icons/material/system_gm/1x/public_gm_blue_20dp.png,Website
Department of Health Region 7,3.9,(14),Public health department,Osmeña Blvd,Closing soon: 5:00 pm,(032) 418 7123,https://ro7.doh.gov.ph/,https://www.gstatic.com/images/icons/material/system_gm/1x/public_gm_blue_20dp.png,Website
University of the Visayas - Main Campus,4.3,(66),Private university,Dionisio Jakosalem St,Open until 6:00 pm,(032) 253 6173,http://uv.edu.ph/,https://www.gstatic.com/images/icons/material/system_gm/1x/public_gm_blue_20dp.png,Website
PUREGOLD San Carlos,4.0,(33),Grocery store,"Sofronio Carmona Street, Sofronio Carmona Street S Carmona St",Open until 8:00 pm,(032) 268 8707,http://www.puregold.com.ph/,https://www.gstatic.com/images/icons/material/system_gm/1x/public_gm_blue_20dp.png,Website
University of Southern Philippines Foundation,4.2,(46),Private university,"USP Compound, Salinas Dr",Open until 8:30 pm,(032) 414 8773,,,
University of San Carlos,4.2,(101),Private university,Gov. M. Cuenco Ave,Open until 9:00 pm,(032) 230 0100,http://www.usc.edu.ph/,https://www.gstatic.com/images/icons/material/system_gm/1x/public_gm_blue_20dp.png,Website
SOUTHSTAR DRUG,4.0,(2),Pharmacy,"MARKET SITE, TARA ST.",Open until 9:00 pm,(056) 333 5691,http://www.southstardrug.com.ph/,https://www.gstatic.com/images/icons/material/system_gm/1x/public_gm_blue_20dp.png,Website
METRO PHARMACY,5.0,(1),Drug store,,Open until 8:00 pm,(032) 272 3255,,,