section-result-title,cards-rating-score,section-result-num-ratings,section-result-details,section-result-info,section-result-info 2,section-result-location,section-result-action href,section-result-action-icon src 2,section-result-action-text 2
Science and Technology Education Center,4.4,(23),School,Temporarily closed,(032) 340 7354,,,,
Marianne Childhood Education Center,4.5,(6),Primary school,Temporarily closed,(032) 261 3402,722 Tres de Abril St,,,
Exceptional Children's Educational Center,5.0,(4),Private school,Temporarily closed,(032) 416 0030,"G/F CT Residence Hall, Gov. M. Cuenco Ave",https://www.facebook.com/pages/Exceptional-Childrens-Educational-Center/117819181578727,https://www.gstatic.com/images/icons/material/system_gm/1x/public_gm_blue_20dp.png,Website
Exceptional Children's Educational Center,,,College,Temporarily closed,0917 320 0079,"CT Residence hall, Room. 109, Gov. M. Cuenco Avenue, Talamban",,,
Formosa English Education Center Inc.,,,Education center,Temporarily closed,0928 625 4160,"CornerStone Manor. Cornerstone Dr, H. Abellana st",https://formosaeec.weebly.com/,https://www.gstatic.com/images/icons/material/system_gm/1x/public_gm_blue_20dp.png,Website
Cebu Ivy Education Center,3.8,(11),School,Temporarily closed,(032) 345 6430,513 New Frontier,http://www.smenglish.com/,https://www.gstatic.com/images/icons/material/system_gm/1x/public_gm_blue_20dp.png,Website
CALC Communication Arts Learning Center - Preparatory and Elementary School,5.0,(1),Elementary school,Closed,(032) 414 4248,31 Cabarrubias St,http://www.facebook.com/comartslovesme,https://www.gstatic.com/images/icons/material/system_gm/1x/public_gm_blue_20dp.png,Website
CEBU BRIGHT MINDS TUTORIAL AND LEARNING CENTER,,,Education center,Temporarily closed,(032) 266 9684,4 Gorordo Ave,https://cebu-bright-minds-tutorial-and-learning-center.business.site/,https://www.gstatic.com/images/icons/material/system_gm/1x/public_gm_blue_20dp.png,Website
Bridging Homes Learning Center,4.0,(6),Preschool,Temporarily closed,(032) 234 4339,1 St. La Guardia,http://www.facebook.com/BridgingHomesLearningCenter/,https://www.gstatic.com/images/icons/material/system_gm/1x/public_gm_blue_20dp.png,Website
Lapu-Lapu Central ALS Community Learning Center,,,Education center,Temporarily closed,,"Central School, Tiangue Rd",,,
"Philinter Education Center/Join-us English Language Academe Inc.,",5.0,(2),English language school,Temporarily closed,(032) 340 7453,"Philinter Education Center, Ceniza St., Mustang, Pusok,",http://www.philinter.com/,https://www.gstatic.com/images/icons/material/system_gm/1x/public_gm_blue_20dp.png,Website
"Pencilplay Learning Center, Inc.",,,School,Temporarily closed,(032) 462 2806,"Zone 2, #147 San Isidro Road",,,
IBrain Learning Center,5.0,(3),Preschool,Temporarily closed,(032) 418 0262,Andres Abellana Corner Julio Diaz St,,,
Kidz Gym Learning Center,,,Special education school,Temporarily closed,,R. Duterte St,,,
Basak Elem ALS Community Learning Center,,,Education center,Temporarily closed,,,,,
Kidz Gym Learning Center,,,Special education school,Temporarily closed,0918 906 2285,Maria Christina Ext St,https://www.kidzgymlearningcenter.com/,https://www.gstatic.com/images/icons/material/system_gm/1x/public_gm_blue_20dp.png,Website
Pajo ALS Community Learning Center,,,Education center,Temporarily closed,,,,,
Sudtunggan ALS Community Learning Center,,,Education center,Temporarily closed,,,,,
Marigondon District ALS Community Learning Center,,,Education center,Temporarily closed,,,,,
Kidz Gym Learning Center,5.0,(1),Special education school,Temporarily closed,0918 906 2285,Talamban Rd,https://www.kidzgymlearningcenter.com/,https://www.gstatic.com/images/icons/material/system_gm/1x/public_gm_blue_20dp.png,Website
St. Benedict Childhood Education Centre,4.9,(14),School,Temporarily closed,(032) 266 8502,F. Cabahug St,,,
Basak ALS Community Learning Center,4.5,(6),Education center,Temporarily closed,(032) 261 3402,,,,
Homecare ALS Community Learning Center,5.0,(4),Education center,Temporarily closed,(032) 416 0030,,,,
Canjulao Elem ALS Community Learning Center,,,Education center,Temporarily closed,0917 320 0079,,,,
Formation School and Kiddie's Learning Center,5.0,(2),School,Temporarily closed,0928 625 4160,"Uytengsu Compound, R. Landon Ext",,,
A+ Playschool And Learning Center,5.0,(1),School,Temporarily closed,(032) 384 8858,3-H,https://www.facebook.com/aplusplayschool/,https://www.gstatic.com/images/icons/material/system_gm/1x/public_gm_blue_20dp.png,Website
Rotary Mactan ALS Community Learning Center,5.0,(1),Education center,Temporarily closed,(032) 414 4248,,,,
Clear Horizons Marine Review Center,4.0,(1),Education center,Temporarily closed,0939 373 8190,409 Kangha Building Osmena Blvd. cor Lapu-lapu St,,,
Science and Technology Education Center - Science Technology Elementary School,4.0,(6),School,Temporarily closed,(032) 234 4339,,,,
CEBU IVY EDUCATION CENTER,5.0,(1),English language school,Temporarily closed,(032) 238 9302,"Miñoza St., Brgy. Tigbao Talamban Rd Cebu City 6000",http://www.cebuivyedu.com/,https://www.gstatic.com/images/icons/material/system_gm/1x/public_gm_blue_20dp.png,Website
QPMPC CENTCOM LEARNING CENTER,5.0,(2),School,Temporarily closed,(032) 340 7453,Camp Lapu-Lapu Rd,,,
Discovery Camp Early Learning Center,5.0,(2),Preparatory school,Temporarily closed,(032) 232 3450,,,,
Cebu International Distance Education College (CIDEC),5.0,(3),Distance learning center,Closed today,0929 515 1991,22280 Juan Seno Street,https://www.cidec.education/,https://www.gstatic.com/images/icons/material/system_gm/1x/public_gm_blue_20dp.png,Website
Stephanie Montessori Educational Center,,,School,Temporarily closed,,Caltex Road,,,
Philinter Education Center,,,Education center,Temporarily closed,(032) 340 7453,"Brgy. Mustang, ML National Highway",https://philinterschool.com/lien-he/,https://www.gstatic.com/images/icons/material/system_gm/1x/public_gm_blue_20dp.png,Website
AGANTALK English Learning Center Inc.,,,School,Temporarily closed,0918 906 2285,Queen's Rd,,,
Philinter Education Center,,,Education center,Temporarily closed,(032) 340 7453,"Brgy. Mustang, ML National Highway",https://philinterschool.com/lien-he/,https://www.gstatic.com/images/icons/material/system_gm/1x/public_gm_blue_20dp.png,Website
St. Clare Learning Center,,,Private school,Temporarily closed,(032) 424 8396,East Binabao,,,
Brgy Mactan Community Learning Center,,,Education center,Temporarily closed,,M.L. Quezon National Highway,,,
English Language Learning Center,5.0,(1),School,Temporarily closed,0918 906 2285,,,,
Cebu Learning Center Mainstream Inc.,3.0,(2),School,Temporarily closed,(032) 266 2599,"Angeles Du Compound, Redemptorist Road, Queens road,",http://www.cebulearningcenter.com/,https://www.gstatic.com/images/icons/material/system_gm/1x/public_gm_blue_20dp.png,Website
"Franzine Learning Center,inc.",4.0,(1),School,Temporarily closed,(032) 505 2715,Tabay Mabao,,,
maranatha learning center,5.0,(4),School,Temporarily closed,(032) 416 0030,,,,
Philinter Education Center (JELAI),4.4,(42),English language school,Temporarily closed,(032) 340 7453,"Philinter Academy Mustang, Ceniza St",http://philinter.com/,https://www.gstatic.com/images/icons/material/system_gm/1x/public_gm_blue_20dp.png,Website
Tutelage Learning Center,5.0,(2),School,Temporarily closed,(032) 490 4662,Lower Pakigne,https://web.facebook.com/asktutelage/,https://www.gstatic.com/images/icons/material/system_gm/1x/public_gm_blue_20dp.png,Website
Indiana Learning Center/ Indiana High School,5.0,(1),High school,Temporarily closed,(032) 384 8858,"IAU Town Center, Basak",,,
Gillesania Engineering Review Center - Tisa Branch,5.0,(1),Education center,Temporarily closed,(032) 414 4248,,http://gertcrev.com/,https://www.gstatic.com/images/icons/material/system_gm/1x/public_gm_blue_20dp.png,Website
Sto.Nino Smart Child Learning Center,4.0,(1),Religious school,Temporarily closed,0939 373 8190,Blk17 Lot1 Velpal1,https://www.facebook.com/snsclcminglanilla/,https://www.gstatic.com/images/icons/material/system_gm/1x/public_gm_blue_20dp.png,Website
"Young Homes Learning Center, Inc.",4.0,(6),School,Temporarily closed,(032) 236 1727,L. Flores St,,,
Nazarene Christian Learning Center Cebu,5.0,(1),Religious school,Temporarily closed,(032) 253 1557,Good Shepherd Rd,http://www.facebook.com/pages/Nazarene-Christian-Learning-Center/344617365681596,https://www.gstatic.com/images/icons/material/system_gm/1x/public_gm_blue_20dp.png,Website
Childlink Learning Center,4.7,(14),Private school,Temporarily closed,(032) 253 7783,"Zodiacville Englic, 530 V Rama Ave",http://www.childlink.edu.ph/,https://www.gstatic.com/images/icons/material/system_gm/1x/public_gm_blue_20dp.png,Website
"Saint Anne Learning Center Of Mandaue, Inc.",5.0,(2),School,Temporarily closed,(032) 232 3450,Pakna-An Highway,http://www.facebook.com/SALC404582,https://www.gstatic.com/images/icons/material/system_gm/1x/public_gm_blue_20dp.png,Website
St. Paul Learning Center Inc.,5.0,(5),School,Temporarily closed,(032) 254 2905,Don Gervacio Quijada St,,,
Indiana Learning Center,5.0,(2),College,Temporarily closed,(032) 495 6886,"AU Town Center, Basak Road",http://iau.com.ph/basic-education/,https://www.gstatic.com/images/icons/material/system_gm/1x/public_gm_blue_20dp.png,Website
Babag ALS Community Learning Center,,,Education center,Temporarily closed,(032) 340 7453,,,,
Holy Child Learning Center,,,School,Temporarily closed,(032) 421 1013,L. Jayme St,,,
Cebu Learning Center Mainstream Inc.,,,College,Temporarily closed,(032) 231 0599,#80 Apitong St,,,
Compman Talisay,,,Education center,Temporarily closed,0942 301 3934,,,,
Destiny Christian Learning Center,,,School,Temporarily closed,,"Shalom Compound, 6015 C.Y. Potot St",,,
Asian College Learning Center,5.0,(1),College,Temporarily closed,0918 906 2285,M. C. Briones St,,,
Compman Mambaling,3.0,(2),Education center,Temporarily closed,0956 907 9939,,,,
AMA Computer Learning Center,5.0,(1),Computer training school,Temporarily closed,(032) 253 0467,"2nd Floor, Angelica Building, Osmena Boulevard",,,
Webville Children's Learning Center,5.0,(4),Public school,Temporarily closed,(032) 490 9254,Natalio B. Bacalso South National Highway,,,
Joy In Full Christian Learning Center,5.0,(2),School,Temporarily closed,(032) 340 7453,Pkk5,,,
Mega Review,5.0,(4),Education center,Temporarily closed,(032) 254 9967,202 Pres Osmena Blvd,,,
Asian Learning Center,5.0,(1),School,Temporarily closed,(032) 340 1068,"Lopez - Jaena St, Corner dela Serna St",http://www.asianlearningcenter.com/,https://www.gstatic.com/images/icons/material/system_gm/1x/public_gm_blue_20dp.png,Website
Asian Learning Center,4.7,(3),School,Temporarily closed,(032) 505 0717,"Opon-Airport-Sangi Rd., Lapu-Lapu City, 6015, Cebu",http://www.asianlearningcenter.com/,https://www.gstatic.com/images/icons/material/system_gm/1x/public_gm_blue_20dp.png,Website
Asian Learning Center,4.0,(1),High school,Temporarily closed,(032) 341 1250,Pajac Street,,,
"The Englishtests Expert - IELTS, TOEFL, PTE, OET Review Center - Cebu Branch",4.0,(6),Education center,Temporarily closed,0998 165 1871,"Unit 207B JRM Building, Osmeña Blvd",http://englishtestsexpert.co.uk/,https://www.gstatic.com/images/icons/material/system_gm/1x/public_gm_blue_20dp.png,Website
Mt Sinai Learning Center Incorporated,5.0,(1),College,Temporarily closed,(032) 416 2622,"G M Cuenco Avenue, Banilad",,,
Little Dominic Learning Center,4.7,(14),Montessori school,Temporarily closed,(032) 253 7783,F B Cabahug,,,
Javasphere Computer Learning Center Incorporated,5.0,(2),Computer training school,Temporarily closed,(032) 412 6292,Gen Maxilom Avenue,,,
Rainbow Learning Center,5.0,(5),School,Temporarily closed,(032) 254 2905,A. Lopez St,,,
"SEED Childhood Education And Learning Center, Inc",3.0,(2),Learning center,Temporarily closed,(032) 490 4485,Sta. Crus,https://www.facebook.com/pages/SEED-Childhood-Education-and-Learning-Center-Inc/164500880389952,https://www.gstatic.com/images/icons/material/system_gm/1x/public_gm_blue_20dp.png,Website
Compman LM,,,Education center,Temporarily closed,0999 863 1497,,https://www.facebook.com/CompMan-Lapulapu-Mandaue-LM,https://www.gstatic.com/images/icons/material/system_gm/1x/public_gm_blue_20dp.png,Website
Rainbow Connection Child Learning Center,4.8,(4),School,Temporarily closed,(032) 344 6248,29 E Sabellano Street,,,
Thrice Admirable Learning Center,,,School,Temporarily closed,(032) 260 2554,Canjulao 1st,http://www.facebook.com/Thrice-Admirable-Children-Learning-Center-TACLC-624424414320075/info/?tab=overview,https://www.gstatic.com/images/icons/material/system_gm/1x/public_gm_blue_20dp.png,Website
N2R Development Learning Center,,,School,Temporarily closed,0942 301 3934,"JKT Building, Central Nautical Hwy",,,
International Gospel Learning Center Montessori,,,School,Temporarily closed,,III-3 Purok 8 Camputhaw,,,
CompMan Cebu,5.0,(1),Education center,Temporarily closed,0917 307 2483,,https://www.facebook.com/compman.cebu/?hc_ref=ARSrvfqYxZYu367uHWGYlQonDDi4WkBUyAx0iKOxyw9cV_MBchj8eMJ-C8bYiMgLJDU&fref=nf,https://www.gstatic.com/images/icons/material/system_gm/1x/public_gm_blue_20dp.png,Website
Sherann Learnig Center Inc,3.0,(2),School,Closed today,(032) 266 2797,70 B Tabada St,,,
MTI Holy Child Learning Center Foundation Incorporated,5.0,(2),School,Temporarily closed,(032) 344 2048,"Mantech, Subangdaku, Mandaue City, 6014, Cebu",https://www.facebook.com/MTI-Holy-Child-Learning-Center-Foundation-Inc-SpEd-Department-187250814669404/,https://www.gstatic.com/images/icons/material/system_gm/1x/public_gm_blue_20dp.png,Website
MGV Learning Center,5.0,(4),University,Temporarily closed,(032) 236 9776,"Cesar's Foodland Bldg, Banilad-Talamban Flyover",,,
Abundant Grace Learning Center,5.0,(2),School,Temporarily closed,(032) 340 7453,A. Gabuya St,,,
AIM-C Bright Gem Learning Center,5.0,(1),School,Temporarily closed,(032) 254 9967,,,,
Daisy V. Oaminal Learning Center (DVOLC),5.0,(1),School,Temporarily closed,(032) 340 1068,Third Street,,,
Curious Minds Learning Center,4.7,(3),Preschool,Temporarily closed,(032) 324 4956,"Block 11, Lot 23 Deca homes 5, Basak-Sudtunggan Rd",https://www.facebook.com/pg/CMLCLapuLapuCity/about/,https://www.gstatic.com/images/icons/material/system_gm/1x/public_gm_blue_20dp.png,Website
"Abundant Grace Learning Center, Inc.",4.0,(1),School,Temporarily closed,(032) 261 0791,"Bonbonan St., A. Lopez Ext., Labangon, Cebu City",,,
Compman Plaza Independencia,5.0,(2),Education center,Temporarily closed,0917 734 5545,,,,
"Jamaica Sabrina Learning Center, Inc.",1.0,(2),School,Temporarily closed,(032) 512 6005,1333 Mahayahay,,,
Kai Exz Learning Center,4.7,(14),School,Temporarily closed,(032) 495 2276,Lupa,https://kai-exz-learning-center.business.site/,https://www.gstatic.com/images/icons/material/system_gm/1x/public_gm_blue_20dp.png,Website
St. Therese Learning Center,5.0,(2),Public school,Temporarily closed,(032) 272 0568,Lagtang,,,
CBRC Mandaue,5.0,(5),Education center,Temporarily closed,0998 956 6044,"3rd flr. Grand Arcade Building, A. C. Cortes Ave",https://www.facebook.com/CBRCmandauecebubranch,https://www.gstatic.com/images/icons/material/system_gm/1x/public_gm_blue_20dp.png,Website
Sto. Niño Smart Child Learning Center,4.0,(1),School,Temporarily closed,(032) 272 4856,Peace,https://www.facebook.com/snsclcminglanilla/,https://www.gstatic.com/images/icons/material/system_gm/1x/public_gm_blue_20dp.png,Website
Saint Genevieve Learning Center,5.0,(1),College,Temporarily closed,(032) 420 6864,"7th Street, Dona Rosario Village, Labogon",,,
Tierra Grande Learning Center,4.5,(2),School center,Temporarily closed,(032) 491 4811,"Phase 2 Block 9 Lot 74 Brillo Street, Lawaan, Camella Homes, Talisay City, 6045, Cebu",,,
Asian Learning Center,,,School,Temporarily closed,(032) 260 2554,,,,
Wonderland Learning Center,2.0,(1),School,Temporarily closed,0942 301 3934,,,,
CCL CentrEx Inc.,,,School,Temporarily closed,,Mangubat St.,http://www.cclcentrex.edu.ph/,https://www.gstatic.com/images/icons/material/system_gm/1x/public_gm_blue_20dp.png,Website
St. Clare Learning Center,5.0,(1),Private school,Temporarily closed,(032) 424 1167,"-, Tayud",,,
The Bosconian Odyssey,3.0,(2),School center,Closed today,(032) 266 2797,,,,
Saint Nicholas Maritime Review & Coffee House - Talisay City Cebu,5.0,(3),Education center,Temporarily closed,(032) 517 2786,"C-203 South Agora, San Isidro Road",,,
MAC Learning Center Cebu,5.0,(4),School,Temporarily closed,(032) 511 0385,"Urban Deca, Tisa,",http://maclearningcentercebu.com/,https://www.gstatic.com/images/icons/material/system_gm/1x/public_gm_blue_20dp.png,Website
Ama Computer Learning Center Island,5.0,(2),College,Temporarily closed,(032) 422 0018,M C Briones Street,,,
DUYAN Learning Center - Mactan Arts Academy,3.4,(7),Art school,Temporarily closed,(032) 340 8589,M.L. Quezon National Highway,http://duyanacademy.wordpress.com/,https://www.gstatic.com/images/icons/material/system_gm/1x/public_gm_blue_20dp.png,Website
Saint Anthony Montessori Learning Center,4.0,(5),Montessori school,Temporarily closed,(032) 416 0161,Bontuyan,https://www.facebook.com/Saint-Anthonys-Montessori-Learning-Center-225072644187227/,https://www.gstatic.com/images/icons/material/system_gm/1x/public_gm_blue_20dp.png,Website
Duyan Learning Center-Mactan Arts Academy,4.7,(3),School,Temporarily closed,(032) 342 0977,,http://duyanacademy.wordpress.com/,https://www.gstatic.com/images/icons/material/system_gm/1x/public_gm_blue_20dp.png,Website
Maribago Young Achievers Learning Center,4.0,(1),Kindergarten,Temporarily closed,0943 255 1113,Bagumbayan 1,,,
Tutelage Supplemental Learning Center,5.0,(2),High school,Temporarily closed,(032) 232 3818,"Juan Luna Avenue, Mabolo",,,
Asian Learning Center,5.0,(1),School,Temporarily closed,(032) 512 6005,Pajac Sulod Road,http://www.asianlearningcenter.com/,https://www.gstatic.com/images/icons/material/system_gm/1x/public_gm_blue_20dp.png,Website
Gentle Childcare Learning Center,5.0,(2),Elementary school,Temporarily closed,(032) 418 3511,160 Tupas St,https://gentlechildcare.wordpress.com/,https://www.gstatic.com/images/icons/material/system_gm/1x/public_gm_blue_20dp.png,Website
THRICE ADMIRABLE CHILDREN LEARNING CENTER,5.0,(2),School,Temporarily closed,(032) 513 1559,,,,
ATS Learning Center - Cebu,5.0,(5),School,Temporarily closed,(032) 402 0423,B. Rodriguez St,https://ph.drakeintl.com/,https://www.gstatic.com/images/icons/material/system_gm/1x/public_gm_blue_20dp.png,Website
Padre Ludovico Learning Center,4.5,(2),Seminary,Temporarily closed,(032) 272 4856,Nangka St,,,
Knowledge Garden Learning Center,5.0,(1),School,Temporarily closed,(032) 233 3091,Coast Pacific Rd,,,
Saint Dominic Savio Learning Center,4.5,(2),High school,Temporarily closed,(032) 340 0061,"365 Opon-Airport-Sangi Road, Pajo",,,
Cebu Music Learning Center-Banawa,5.0,(2),Music school,Temporarily closed,0922 888 5086,"B1 One Pavilion Mall, Banawa",http://www.cebumusic.ph/,https://www.gstatic.com/images/icons/material/system_gm/1x/public_gm_blue_20dp.png,Website
CIE British School - Cebu,3.2,(20),School,Temporarily closed,(032) 233 2577,Pres. Magsaysay St,http://www.cie.edu/,https://www.gstatic.com/images/icons/material/system_gm/1x/public_gm_blue_20dp.png,Website
Shalom Day Care,,,School center,Closed today,,C.Y. Potot St,,,
Childworks Learning Center,5.0,(1),Private school,Temporarily closed,(032) 421 2009,"1102 M.L. Quezon National Highway, Pajo, Lapu-Lapu City, 6015, Cebu",,,
Risen Lord,3.0,(2),School center,Closed today,(032) 266 2797,Villa Bulsita,,,
Cebu Languages ESL School- English Study Center- IELTS- TOEIC- Business English- Tour Philippines,4.3,(4),English language school,Temporarily closed,0917 501 3286,"Hadsan Cove Resort, Agus",http://www.cebulanguages.com/,https://www.gstatic.com/images/icons/material/system_gm/1x/public_gm_blue_20dp.png,Website
Pope John Paul II Achievement and Learning Center,5.0,(2),School,Temporarily closed,(032) 420 6864,7th St,,,
Archbishop Camomot Learning Center,5.0,(1),School,Temporarily closed,(032) 422 0018,,,,
Rainbow Connection Child Learning Center,4.0,(5),School,Temporarily closed,(032) 414 3953,"44B E. Sabellano St., Punta Princesa, Cebu City, Cebu",,,
Edulinks Learning Center,4.0,(5),School,Temporarily closed,(032) 416 0161,,,,
Kids Daycare and after School Center,4.7,(3),Preschool,Temporarily closed,(032) 261 9564,,,,
Destiny Christian Learning Center,1.0,(1),Private school,Temporarily closed,(032) 402 0371,"Shalom Compound, B. Benedicto St.",,,
Asian Learning Center,5.0,(2),School,Temporarily closed,(032) 505 0717,Fuentes Rd,http://www.asianlearningcenter.com/,https://www.gstatic.com/images/icons/material/system_gm/1x/public_gm_blue_20dp.png,Website
Pen and Play Learning Center,5.0,(1),Montessori school,Temporarily closed,0915 942 7248,Canjulao 2nd,,,
Jules Chevalier Music Learning Center,5.0,(2),Music school,Temporarily closed,0933 635 4131,,https://www.facebook.com/JCMusicMinistryOfficial/,https://www.gstatic.com/images/icons/material/system_gm/1x/public_gm_blue_20dp.png,Website
Villamor Learning Center Incorporated,5.0,(1),University,Temporarily closed,(032) 340 3851,Quezon National Highway,,,
Tutelage Learning Center,5.0,(2),Learning center,Temporarily closed,(032) 232 3818,Edros Rd,https://web.facebook.com/asktutelage/,https://www.gstatic.com/images/icons/material/system_gm/1x/public_gm_blue_20dp.png,Website
Mind Stretchers Learning Center,4.5,(2),Educational consultant,Temporarily closed,0920 973 8242,"10 Martinez Compound, Juana Osmeña Extension",,,
Young Homes Learning Center,5.0,(1),Preschool,Temporarily closed,(032) 511 1488,L. Flores St,,,
Paraclete Learning Center,4.0,(1),Elementary school,Temporarily closed,(032) 564 2494,"Pitogo Bridge, Cebu N Rd",https://www.facebook.com/Paracletian/,https://www.gstatic.com/images/icons/material/system_gm/1x/public_gm_blue_20dp.png,Website
Kids Learning Center,5.0,(2),Learning center,Temporarily closed,(032) 268 0636,39-D P. Laurel St. Villa Aurora Subd,http://www.klcschools.com/,https://www.gstatic.com/images/icons/material/system_gm/1x/public_gm_blue_20dp.png,Website
Bethel Kiddie Development Learning Center Incorporated,3.2,(20),Elementary school,Temporarily closed,(032) 340 6849,"Gun-ob, 3343 Street",,,
Ama Computer Learning Center Island,,,School,Temporarily closed,(032) 254 7150,Osmeña Boulevard,,,
"King Jedidiah Christian Learning Center, Inc.",5.0,(1),School,Temporarily closed,(032) 513 5967,359 Canjulao 1st,,,
Pen And Play Learning Center (New),5.0,(1),School,Temporarily closed,(032) 266 2797,3343 Kinalumsan,,,
Marc Agape Christian Learning Center Inc.,4.3,(4),School,Temporarily closed,(063) 420 4394,,https://www.facebook.com/marc.agape.1,https://www.gstatic.com/images/icons/material/system_gm/1x/public_gm_blue_20dp.png,Website
Cebu Music Learning Center,5.0,(1),Learning center,Temporarily closed,0922 821 6068,"2nd Floor, Gov. M. Cuenco Ave",http://www.cebumusic.ph/,https://www.gstatic.com/images/icons/material/system_gm/1x/public_gm_blue_20dp.png,Website
BEN Language Center Cebu,5.0,(1),School,Temporarily closed,(032) 238 4653,,http://www.blc-cebu.com/,https://www.gstatic.com/images/icons/material/system_gm/1x/public_gm_blue_20dp.png,Website
Cebu Bible Seminary,4.5,(2),School,Temporarily closed,(032) 273 2506,"63 Zone 2 Hollow Block Street, San Isidro, Talisay City, 6045, Cebu",,,
Ever Done Learning Center,4.0,(5),Learning center,Temporarily closed,(032) 262 7922,Bayabas St,,,
Exceed Learning Center High Sch. Dept.,4.7,(3),School,Temporarily closed,(032) 261 9564,,,,
Ballet Center Inc.,4.4,(8),Ballet school,Temporarily closed,(032) 232 2958,"Suite 302, 3rd Level, Ayala Center, Cebu City, Cebu",http://www.balletcentercebucity.com/,https://www.gstatic.com/images/icons/material/system_gm/1x/public_gm_blue_20dp.png,Website
Abundant Grace Learning Center,5.0,(2),Learning center,Temporarily closed,(032) 239 5981,55 F F. Jaca St,,,
Cleverlearn Caregiver Training Center,4.3,(4),Learning center,Temporarily closed,(032) 495 9955,"Cleverlearn Residences, Saac II,",http://www.celicg.com/,https://www.gstatic.com/images/icons/material/system_gm/1x/public_gm_blue_20dp.png,Website
Great Children's Learning Hub,5.0,(1),Learning center,Temporarily closed,(032) 253 5871,"One Pavilion Mall, 22 R. Duterte St, Banawa",,,
College Of Education Office,5.0,(1),College,Temporarily closed,(032) 417 9512,"University of San Jose-Recoletos Basak Campus, Cebu South Road",http://www.usjr.edu.ph/,https://www.gstatic.com/images/icons/material/system_gm/1x/public_gm_blue_20dp.png,Website
Asian Learning Center,4.0,(2),Learning center,Temporarily closed,(032) 232 3818,Sangi Rd,,,
Child Development Center -Cebu,4.5,(2),School,Temporarily closed,(032) 233 2555,168 Pres. Magsaysay St,http://www.cie.edu/,https://www.gstatic.com/images/icons/material/system_gm/1x/public_gm_blue_20dp.png,Website
UP Cebu Alumni Office,3.0,(1),School center,Temporarily closed,(032) 511 1488,,,,
"Gopher Wood Learning Center, Inc.",4.0,(4),School,Temporarily closed,(032) 417 5074,,,,
Saint Angelo Learning Center,5.0,(1),Private school,Temporarily closed,(032) 316 5305,Central Nautical Highway,,,
Saint Anthony 's Learning Center,3.2,(20),Learning center,Temporarily closed,(032) 273 0522,769 Jose Rizal St,,,
Lipata National High School (SPED Center),4.5,(2),School,Temporarily closed,(032) 267 4472,Natalio B. Bacalso S National Hwy,,,
KJMS Study Center,5.0,(1),Learning center,Temporarily closed,0933 168 3837,"DMR Building, J. Alcantara St",,,
Our Lady of Joy Learning Center,5.0,(1),School,Temporarily closed,(032) 423 3690,"Jugan, Consolacion",,,
Sigzada International Language Learning Center Philippines Inc.,4.3,(4),Language school,Temporarily closed,(032) 260 2254,"Krizia Building, Gonzales Compound, Gorordo Avenue",,,
"Josrika Computer Training Center,inc.",5.0,(1),Computer training school,Temporarily closed,(032) 505 5122,"Colonnade Mall Briante, Colon St",,,
King Of Zion Christian Learning Center Inc.,5.0,(1),Primary school,Temporarily closed,(032) 238 4653,Central Nautical Hwy,,,
"Exceed Learning Center, Naga Cebu, Inc.",3.8,(4),School,Temporarily closed,(032) 273 4072,"-, South Poblacion NAGA Cebu",,,
Gopher Wood Learning Center,3.0,(2),Elementary school,Temporarily closed,(032) 417 5074,Talamban Rd,,,
Eye Level,4.7,(3),Learning center,Temporarily closed,(032) 236 7800,"Chatswood Bldg, H. Cortes St. Cor A.S Fortuna St.",http://www.myeyelevel.com/,https://www.gstatic.com/images/icons/material/system_gm/1x/public_gm_blue_20dp.png,Website
Cebu Globalization ESL Center Inc.,3.7,(10),School,Temporarily closed,(032) 462 5013,,http://www.cebucg.com/,https://www.gstatic.com/images/icons/material/system_gm/1x/public_gm_blue_20dp.png,Website
Yellow Kids Center for Arts,5.0,(2),School,Temporarily closed,(032) 318 6483,494 M.L. Quezon National Highway,,,
Living World Christian,4.3,(4),Private school,Temporarily closed,(032) 261 5566,Good Shepherd St,,,
BIOS Training & Assessment Center,3.0,(1),School,Temporarily closed,0923 337 3777,"Room 208 Conchita Building, Osmeña Blvd",https://www.facebook.com/BIOS.TESDA,https://www.gstatic.com/images/icons/material/system_gm/1x/public_gm_blue_20dp.png,Website
Click 1n1,5.0,(1),Learning center,Temporarily closed,(032) 525 2542,Osmeña Blvd,http://edu.click1n1edu.com/,https://www.gstatic.com/images/icons/material/system_gm/1x/public_gm_blue_20dp.png,Website
Mother Serafina Learning Center Sister of the Angels,4.0,(2),Learning center,Temporarily closed,(032) 345 9622,A. C. Cortes Ave,,,
Franciscan Sisters Of Saint Elizabeth And Padre Ludovicos Learning Center,4.5,(2),Learning center,Temporarily closed,(032) 262 0480,893-D Nangka St,,,
Grolier In Home Learning Expert,3.0,(1),Learning center,Temporarily closed,(032) 511 1488,SM,http://www.grolier-asia.com/,https://www.gstatic.com/images/icons/material/system_gm/1x/public_gm_blue_20dp.png,Website
SMEAG 3rd Campus | CAPITAL,4.7,(70),School,Temporarily closed,(032) 520 9208,Emilio Osmeña St,http://www.smenglish.com/,https://www.gstatic.com/images/icons/material/system_gm/1x/public_gm_blue_20dp.png,Website
E-Global Learning System,5.0,(1),Computer training school,Temporarily closed,0923 933 5359,"Tango Plaza Bldg., Queens Road, Cebu City, Queen's Rd",http://facebook.com/InformatEnterprising,https://www.gstatic.com/images/icons/material/system_gm/1x/public_gm_blue_20dp.png,Website
Cebu Globalization ESL Center Banilad Inc Campus,3.9,(12),School,Temporarily closed,(032) 234 3267,Paseo Saturnino,http://www.cebucg.com/jp/,https://www.gstatic.com/images/icons/material/system_gm/1x/public_gm_blue_20dp.png,Website
Cebu International Distance Education College(CIDEC),4.5,(2),Boarding school,Temporarily closed,0917 601 9171,A. Miñoza St,http://www.cebuivyedu.com/,https://www.gstatic.com/images/icons/material/system_gm/1x/public_gm_blue_20dp.png,Website
ABC Learning Center,5.0,(1),Learning center,Temporarily closed,(032) 490 5424,N. Bacalso National Highway,,,
Duyan Learning Center,5.0,(1),Learning center,Temporarily closed,(032) 423 3690,M.L. Quezon National Highway,https://www.facebook.com/DuyanAcademy/,https://www.gstatic.com/images/icons/material/system_gm/1x/public_gm_blue_20dp.png,Website
Center for Healthcare Professions Cebu Incorporated,5.0,(4),Learning center,Temporarily closed,(032) 420 1881,"A. C. Cortes Avenue, corner P.J.Burgos",http://www.chpcebu.com/,https://www.gstatic.com/images/icons/material/system_gm/1x/public_gm_blue_20dp.png,Website
"Racdaes Japanese Language Training Center, Inc.",3.8,(9),Language school,Temporarily closed,(032) 253 1413,Andres Abellana St,http://www.richelle-manpower.com/about-racdaes,https://www.gstatic.com/images/icons/material/system_gm/1x/public_gm_blue_20dp.png,Website
Adler Kindergarten School,5.0,(1),Kindergarten,Temporarily closed,(032) 495 6822,Basak-Marigondon Rd,,,
Grolier,3.8,(4),Learning center,Temporarily closed,0922 849 1914,"SM City Cebu, Juan Luna Ave Corner Cabahug And Kaoshiung St",http://www.grolier-asia.com/,https://www.gstatic.com/images/icons/material/system_gm/1x/public_gm_blue_20dp.png,Website
Mactan Christian Centre Inc.,3.0,(2),Kindergarten,Temporarily closed,(032) 417 5074,Casanta Soong 2,https://www.mactanchristiancentre.org/,https://www.gstatic.com/images/icons/material/system_gm/1x/public_gm_blue_20dp.png,Website
Duyan Learning Center,4.0,(1),Learning center,Temporarily closed,(032) 236 7800,Pak-Pakan Rd,,,
Little Red Barn Fun Learning Center,5.0,(1),Learning center,Temporarily closed,(032) 420 2655,"201, Grand Orchard Bldg, N.B Bacalso St.",https://www.facebook.com/Little-Red-Barn-Fun-Learning-Center-327418690742663/,https://www.gstatic.com/images/icons/material/system_gm/1x/public_gm_blue_20dp.png,Website
Wise Education Center and Training Network,5.0,(1),Corporate office,Temporarily closed,(032) 416 3913,"Junquera cor. P, Pantaleon del Rosario St",http://www.wectn.com/,https://www.gstatic.com/images/icons/material/system_gm/1x/public_gm_blue_20dp.png,Website
Training Purposes Only,4.3,(4),Computer training school,Temporarily closed,0906 199 5864,"i1, Asia Town IT park, lahug",,,
"Rock Bridge Language Center, Inc.",3.0,(1),Language school,Temporarily closed,(032) 272 6230,"2F A&J Bldg, AC Cortes St",http://facebook.com/pg/rockbridgelanguagecentercebu,https://www.gstatic.com/images/icons/material/system_gm/1x/public_gm_blue_20dp.png,Website
Datamex,5.0,(1),Computer training school,Temporarily closed,(032) 232 3053,"Astron Gestus Bldg, 25 Gorordo Ave",,,
Kumon A.C. Cortes (Mandaue) Center,4.0,(2),After school program,Temporarily closed,(032) 511 9069,"Door 5 Rozen Building, A.C. Cortes Avenue",http://ph.kumonglobal.com/,https://www.gstatic.com/images/icons/material/system_gm/1x/public_gm_blue_20dp.png,Website
Cogon Day Care Center,4.5,(2),Day care center,Temporarily closed,(032) 262 0480,,,,
Department of Education Ecotech Center,4.5,(20),Department of education,Closed today,(032) 256 1001,Ecotech Rd,,,
St. Francis of Assisi School (SFAS),3.2,(6),School,Temporarily closed,(032) 410 5895,"Peace Valley, Wisdom St",https://www.sfas.ph/,https://www.gstatic.com/images/icons/material/system_gm/1x/public_gm_blue_20dp.png,Website
Jumao-As Baguio Learning Center,5.0,(1),Learning center,Temporarily closed,(032) 496 7771,1 Babalang 2 Road,,,
"ISRA - International Skills Republic Academy, Inc.",4.5,(2),Educational institution,Temporarily closed,(032) 234 3933,0775 Jasmin St,https://isracebu.business.site/,https://www.gstatic.com/images/icons/material/system_gm/1x/public_gm_blue_20dp.png,Website
TESDA Accredited Competency Assessment Center,5.0,(2),University,Temporarily closed,(032) 273 8170,"Talisay City College, Poblacion",https://tesda.gov.ph/,https://www.gstatic.com/images/icons/material/system_gm/1x/public_gm_blue_20dp.png,Website
Prime Software,5.0,(1),Computer training school,Temporarily closed,(032) 254 8521,"Taruria Bldg, Juana Osmeña St",http://www.primesoft.ph/,https://www.gstatic.com/images/icons/material/system_gm/1x/public_gm_blue_20dp.png,Website
Danao City Central Elementary School,5.0,(1),Elementary school,Temporarily closed,(032) 491 3135,Poblacion Danao City Cebu,,,
IDP Philippines,4.4,(12),Educational consultant,Temporarily closed,(032) 236 2758,"Keppel Center, Ground Floor, Cardinal Rosales Ave",http://idp.com/philippines,https://www.gstatic.com/images/icons/material/system_gm/1x/public_gm_blue_20dp.png,Website
Ballet Academy of Cebu,4.3,(4),Ballet school,Temporarily closed,0917 720 3500,1081 Andres Abellana St,,,
アジアビューティカレッジ【美容／留学／語学留学／セブ島】,5.0,(1),School,Temporarily closed,(074) 544 9915,V.Albano,https://abc-beauty.com/,https://www.gstatic.com/images/icons/material/system_gm/1x/public_gm_blue_20dp.png,Website
CEVAS Cebu - IELTS Language School Review Center,4.6,(10),Language school,Temporarily closed,0917 139 7626,"JRDC Building, 1st Floor, Osmeña Blvd",http://www.cevasphilippines.com/,https://www.gstatic.com/images/icons/material/system_gm/1x/public_gm_blue_20dp.png,Website
Christ The King,5.0,(1),Learning center,Temporarily closed,(032) 417 5074,Lopez Jaena St,,,
Sto. Nino Learning Center Inc.,4.0,(1),Learning center,Temporarily closed,(032) 512 7611,Villa Leyson,https://www.facebook.com/snlcenter,https://www.gstatic.com/images/icons/material/system_gm/1x/public_gm_blue_20dp.png,Website
TESDA Accredited Competency Assessment Center,3.5,(12),University,Temporarily closed,(032) 420 1880,"Mezzanine Floor, FCB Financial Center, Center For Healthcare Professions, Incorporated, AC Cortes Avenue corner P. Burgos Street, Alang-Alang",https://www.tesda.gov.ph/,https://www.gstatic.com/images/icons/material/system_gm/1x/public_gm_blue_20dp.png,Website
Prime Review Center,5.0,(4),Learning center,Temporarily closed,(032) 416 8175,"GMT, 4th Floor, 403-404 Junquera St",http://www.primereviewcenter.com/,https://www.gstatic.com/images/icons/material/system_gm/1x/public_gm_blue_20dp.png,Website
Crest Maritime Training Courses,4.1,(11),Learning center,Temporarily closed,(032) 505 7855,"Dacay Building, N Escario St",https://www.facebook.com/CRESTMaritimeTrainingCenter/,https://www.gstatic.com/images/icons/material/system_gm/1x/public_gm_blue_20dp.png,Website
Sebu Hangeugo Language Tutorial Services,5.0,(4),Language school,Temporarily closed,0923 283 8601,MV Patalinghug Ave,,,
Discovery Camp,5.0,(1),Preschool,Temporarily closed,(032) 232 3450,Montebello Road,http://www.facebook.com/DiscoveryCampCebu,https://www.gstatic.com/images/icons/material/system_gm/1x/public_gm_blue_20dp.png,Website
Informatics College Cebu,4.0,(9),College,Temporarily closed,(032) 231 0380,"C.L. Benedicto Bldg., J. De Vera Street",https://www.informatics.edu.ph/,https://www.gstatic.com/images/icons/material/system_gm/1x/public_gm_blue_20dp.png,Website
Divine Angels Learning School,4.5,(2),Private school,Temporarily closed,(032) 266 9546,M. J. Cuenco Ave,https://www.facebook.com/pages/Divine-Angels-Learning-Development-School-Inc/146745032170053,https://www.gstatic.com/images/icons/material/system_gm/1x/public_gm_blue_20dp.png,Website
Speak English Zest Academy,4.5,(20),English language school,Temporarily closed,0908 931 0634,Corner Tres Borces and Sindulan Street,,,
"Ring System Development, Inc. (Ring-Group)",5.0,(1),Computer training school,Temporarily closed,(032) 262 4613,"J Centre Building, A. S. Fortuna St",http://ring-group.jp/,https://www.gstatic.com/images/icons/material/system_gm/1x/public_gm_blue_20dp.png,Website
TESDA Accredited Competency Assessment Center,5.0,(1),Public school,Temporarily closed,(032) 564 2542,"Cebu Science Of Welding And Skills Technology, Incorporated, Bagong-Daan Road, Yati, Lilo-An",https://tesda.gov.ph/,https://www.gstatic.com/images/icons/material/system_gm/1x/public_gm_blue_20dp.png,Website
Kumon Gun-ob (Lapu-Lapu) Center,4.5,(2),After school program,Temporarily closed,(032) 512 0009,"Paseo de Amores, S. Osmeña Street",http://ph.kumonglobal.com/,https://www.gstatic.com/images/icons/material/system_gm/1x/public_gm_blue_20dp.png,Website
Kumon Private (Cebu) Center,3.0,(1),After school program,Temporarily closed,(032) 418 1553,"Unit 102, JDC Building, J. Alcantara Street",http://ph.kumonglobal.com/,https://www.gstatic.com/images/icons/material/system_gm/1x/public_gm_blue_20dp.png,Website
Mirfeel ESL Center/ MV ACADEMY,4.0,(1),English language school,Temporarily closed,(032) 239 0613,"Chatswood Bldg Cor, Hernan Cortes Street, A. S. Fortuna St",https://web.facebook.com/MVacademyCebu/,https://www.gstatic.com/images/icons/material/system_gm/1x/public_gm_blue_20dp.png,Website
Kumon F. Cabahug (Kasambagan) Center,5.0,(1),After school program,Temporarily closed,(032) 318 3656,"Unit 2-5 2nd Floor, East Wing, Bonifacio District, F. Cabahug St",http://ph.kumonglobal.com/,https://www.gstatic.com/images/icons/material/system_gm/1x/public_gm_blue_20dp.png,Website
Kumon A.S. Fortuna (Mandaue) Center,4.4,(12),After school program,Temporarily closed,(032) 511 3953,"2nd Floor INJ Building, A.S. Fortuna Street",http://ph.kumonglobal.com/,https://www.gstatic.com/images/icons/material/system_gm/1x/public_gm_blue_20dp.png,Website
Tierra Grande House Of Learning Inc.,4.3,(4),School,Temporarily closed,0917 720 3500,,,,
Kumon Basak (Pardo) Center,5.0,(1),After school program,Temporarily closed,(032) 324 0774,"Unit 204, South Point Place, N. Bacalso Avenue, Basak Pardo",http://ph.kumonglobal.com/,https://www.gstatic.com/images/icons/material/system_gm/1x/public_gm_blue_20dp.png,Website
Tender Minds Learning Center,4.6,(10),Learning center,Temporarily closed,(032) 424 6730,Km. 13 Pagutlan,,,
Kumon Gaisano (Tabunok) Center,5.0,(1),After school program,Temporarily closed,(032) 491 5322,"2nd Floor, Arcade Bldg., Gaisano Grand Fiesta Mall Hi-way",http://ph.kumonglobal.com/,https://www.gstatic.com/images/icons/material/system_gm/1x/public_gm_blue_20dp.png,Website
Sacred Heart Aikido Center - Cebu ( SHACC ),5.0,(1),Aikido school,Closed,(032) 512 7611,Dionisio Jakosalem St,http://www.sacredheartaikido.com/,https://www.gstatic.com/images/icons/material/system_gm/1x/public_gm_blue_20dp.png,Website
Kumon Banilad (Cebu) Center,3.5,(12),After school program,Temporarily closed,(032) 231 1791,"GINZA Compound, Old Banilad Road",http://ph.kumonglobal.com/,https://www.gstatic.com/images/icons/material/system_gm/1x/public_gm_blue_20dp.png,Website
smeag global education inc.,3.0,(2),School,Temporarily closed,(032) 416 8175,S Cabahug,,,
Kumon Marigondon (Lapu-Lapu) Center,5.0,(1),After school program,Temporarily closed,(032) 514 2216,"2nd Floor, Elora Supermarket, Maximo V. Patalinghug Jr. Avenue",http://ph.kumonglobal.com/,https://www.gstatic.com/images/icons/material/system_gm/1x/public_gm_blue_20dp.png,Website
Langrich,5.0,(4),English language school,Temporarily closed,(032) 347 2641,"806, Keppel, Cardinal Rosales Ave. Cor. Samar Loop",http://www.langrich.com/,https://www.gstatic.com/images/icons/material/system_gm/1x/public_gm_blue_20dp.png,Website
Kumon Talamban (Cebu) Center,5.0,(1),After school program,Temporarily closed,(032) 316 3332,2nd Floor North Agora Regency Miñoza Street,http://ph.kumonglobal.com/,https://www.gstatic.com/images/icons/material/system_gm/1x/public_gm_blue_20dp.png,Website
Idea Academia,4.1,(27),School,Temporarily closed,(032) 231 0380,F. Cabahug St,https://ideaeducation.net/,https://www.gstatic.com/images/icons/material/system_gm/1x/public_gm_blue_20dp.png,Website
CIEC GLOBAL,5.0,(4),School,Temporarily closed,0917 601 9171,,http://www.ciecglobal.com/,https://www.gstatic.com/images/icons/material/system_gm/1x/public_gm_blue_20dp.png,Website
Norwegian Language School in Cebu(DelNorwegianLanguageTutorial),5.0,(2),Language school,Temporarily closed,(032) 520 4609,173 Gov. M. Roa St,,,
Babag 1 Elementary School,4.0,(4),Elementary school,Temporarily closed,(032) 262 4613,Purok Butterfly,http://www.deped.gov.ph/,https://www.gstatic.com/images/icons/material/system_gm/1x/public_gm_blue_20dp.png,Website
Cega Cebu English Global Academy,4.0,(3),English language school,Temporarily closed,(032) 328 8079,"Angelica Bldg, Osmeña Blvd",http://www.cega-jp.com/,https://www.gstatic.com/images/icons/material/system_gm/1x/public_gm_blue_20dp.png,Website
DepEd Regional Office VII,4.4,(16),Department of education,Closed today,(032) 231 1433,5 Sudlon,https://region7.deped.gov.ph/,https://www.gstatic.com/images/icons/material/system_gm/1x/public_gm_blue_20dp.png,Website
"University of San Jose - Recoletos, Main",4.4,(94),Private university,Temporarily closed,(032) 253 7900,,http://usjr.edu.ph/,https://www.gstatic.com/images/icons/material/system_gm/1x/public_gm_blue_20dp.png,Website
Smegag Global Education,4.0,(1),School,Temporarily closed,(032) 239 0613,Minosa Street,http://smenglish.com/en/,https://www.gstatic.com/images/icons/material/system_gm/1x/public_gm_blue_20dp.png,Website
Berlitz Cebu (TripleWinPh) German Language School,5.0,(1),German language school,Temporarily closed,(032) 412 0036,"Unit 221 krizia bldg gorordo avenue brgy kamputhaw cebu city (at the back of west gorordo, hotel",,,
CG ACADEMY TW,4.4,(12),Language school,Temporarily closed,(032) 234 3267,"Base Camp, Paseo Saturnino",http://cgeslcentertw.com/,https://www.gstatic.com/images/icons/material/system_gm/1x/public_gm_blue_20dp.png,Website
University of the Philippines Cebu,4.6,(47),Public university,Temporarily closed,(032) 232 2642,,https://upcebu.edu.ph/,https://www.gstatic.com/images/icons/material/system_gm/1x/public_gm_blue_20dp.png,Website
"Kumon Philippines, Inc. (Cebu Branch)",5.0,(1),Educational institution,Temporarily closed,(032) 263 3419,"2 Quad, Cardinal Rosales Ave",http://ph.kumonglobal.com/,https://www.gstatic.com/images/icons/material/system_gm/1x/public_gm_blue_20dp.png,Website
"Minoza St., Brgy. Tigbao, Talamban, Cebu City, Cebu 6000, Philippines",4.3,(4),Pool academy,Temporarily closed,(032) 238 9302,"Brgy. Tigbao, Talamban Rd",http://www.cebuivyedu.com/,https://www.gstatic.com/images/icons/material/system_gm/1x/public_gm_blue_20dp.png,Website
"Saint Dominic Savio School of Lapu-Lapu,City",5.0,(1),School,Temporarily closed,(032) 268 3845,"Deca 5, Sudtungan",,,
CIEC Village House,5.0,(2),English language instructor,Closed,0917 601 9171,"MINOZA ST. TALAMBAN, CEBUCITY",http://www.cebuivy.com/,https://www.gstatic.com/images/icons/material/system_gm/1x/public_gm_blue_20dp.png,Website
St. Paul College,5.0,(2),University,Temporarily closed,(032) 272 2985,National Highway,,,
TESDA Accredited Competency Assessment Center,3.4,(5),Technical school,Temporarily closed,(032) 412 2419,"Regional Training Center - Cebu, Archbishop Reyes Avenue, Banilad",,,
St. Paul College Foundation-Mandaue,4.0,(1),School,Temporarily closed,(032) 514 2216,"Highway, Maguikay",http://www.spcfi.edu.ph/,https://www.gstatic.com/images/icons/material/system_gm/1x/public_gm_blue_20dp.png,Website
Metro Sports Center,3.8,(44),Gym,Temporarily closed,(032) 233 3338,Salinas Dr,https://www.facebook.com/metrosports.lahug,https://www.gstatic.com/images/icons/material/system_gm/1x/public_gm_blue_20dp.png,Website
"English Fella 1-Cebu English Academy, Cebu language School",4.5,(25),School,Temporarily closed,(032) 343 3871,Hi-Way 11,http://www.englishfella.com/,https://www.gstatic.com/images/icons/material/system_gm/1x/public_gm_blue_20dp.png,Website
Happy Life Cebu Academy (HLCA),4.8,(5),English language school,Temporarily closed,(032) 414 2004,"Central Bloc Corporate Center Tower 1 14F Bloc, 10 W Geonzon St",http://www.hlca-english.com/,https://www.gstatic.com/images/icons/material/system_gm/1x/public_gm_blue_20dp.png,Website
Pro-Drive Driving School,5.0,(4),Driving school,Temporarily closed,(032) 253 9199,"Causing Feria Building, Jones Ave",,,
Knowledge Garden Learning Center,5.0,(2),,Temporarily closed,(032) 233 3091,Pope John Paul II Ave,,,
Gopherwood Learning Center,4.0,(4),Education,Temporarily closed,(032) 417 5074,"Talamban Road, Bacayan",,,