section-result-title,section-result-details,section-result-location,section-result-info,cards-rating-score,section-result-num-ratings,section-result-action href,section-result-action-icon src 2,section-result-action-text 2,section-result-info 2
Coinstar Money Transfer,Money transfer service,"Cebuana Lhuillier, 103 Gorordo Street",(032) 417 9654,,,,,,
Coinstar Money Transfer,Money transfer service,"Smart Wireless Center, Level 2 SM City, North Reclamation Area",(032) 511 2431,,,,,,
Money Gram,Money transfer service,Gorordo Ave,(032) 412 9973,4.0,(2),http://global.moneygram.com/ph/en,https://www.gstatic.com/images/icons/material/system_gm/1x/public_gm_blue_20dp.png,Website,
Xpress Money,Money transfer service,"G-Xchange Inc., Globelines Payments and Services Center, 2nd Level, West Entrance",(032) 415 8575,5.0,(1),http://www.xpressmoney.com/,https://www.gstatic.com/images/icons/material/system_gm/1x/public_gm_blue_20dp.png,Website,
Coinstar Money Transfer,Money transfer service,"Cebuana Lhuillier, Rose Building, Tres de Abril corner A. Lopez Street, Labangon",(032) 417 9639,5.0,(1),,,,
Coinstar Money Transfer,Money transfer service,"Cebuana Lhuillier, Englis V. Rama Avenue, Guadalupe",(032) 412 9635,,,,,,
Coinstar Money Transfer,Money transfer service,"Banco de Oro, Ground Floor PDI Condominium, Archbishop Reyes Avenue, Banilad",(032) 702 6350,,,,,,
Coinstar Money Transfer,Money transfer service,"Cebuana Lhuillier, Quezon Street, Poblacion, Lilo-An",(053) 585 0094,,,,,,
MoneyGram,Money transfer service,Stall 286A Level 2 West Entry Ayala Center Mall Cebu,(032) 239 0410,1.0,(1),http://global.moneygram.com/ph/tl,https://www.gstatic.com/images/icons/material/system_gm/1x/public_gm_blue_20dp.png,Website,Open until 7:30 pm
MoneyGram,Money transfer service,N Escario St,(048) 433 4110,5.0,(1),http://global.moneygram.com/ph/tl,https://www.gstatic.com/images/icons/material/system_gm/1x/public_gm_blue_20dp.png,Website,Open until 5:30 pm
Xoom Money Transfer,Money transfer service,"65 Magallanes corner Jakosalem Streets, Cebu City, 6000, Cebu",(032) 253 4739,,,https://www.xoom.com/,https://www.gstatic.com/images/icons/material/system_gm/1x/public_gm_blue_20dp.png,Website,
Coinstar Money Transfer,Money transfer service,"Metrobank, Borromeo corner Lopez Street",(032) 253 7565,,,,,,
Xoom Global Money Transfer,Money transfer service,Gorordo Ave,(032) 417 9654,,,http://www.xoom.com/,https://www.gstatic.com/images/icons/material/system_gm/1x/public_gm_blue_20dp.png,Website,
Coinstar Money Transfer,Money transfer service,"Metrobank, Metrobank Plaza, Osmeña Boulevard",(032) 253 2650,,,,,,
Coinstar Money Transfer,Money transfer service,"UCPB Building, National Highway",(032) 345 2894,,,,,,
MJMP Money Exchange,Money transfer service,Nasipit,(032) 418 0418,,,,,,Open until 5:00 pm
Xoom Money Transfer,Money transfer service,M.J. Cuenco Avenue,(032) 520 1941,,,http://www.xoom.com/,https://www.gstatic.com/images/icons/material/system_gm/1x/public_gm_blue_20dp.png,Website,
Xpress Money,Money transfer service,"G-Xchange Inc., Globe Telecom, Level 3, Expansion Building, Ayala Center",0916 778 5041,3.0,(1),http://www.xpressmoney.com/,https://www.gstatic.com/images/icons/material/system_gm/1x/public_gm_blue_20dp.png,Website,Open until 9:00 pm
MoneyGram,Money transfer service,4 Nasipit Rd,0916 719 6072,,,http://global.moneygram.com/ph/tl,https://www.gstatic.com/images/icons/material/system_gm/1x/public_gm_blue_20dp.png,Website,Open until 6:00 pm
MoneyGram,Money transfer service,46 Osmeña Blvd,(02) 779 9800,,,http://global.moneygram.com/ph/tl,https://www.gstatic.com/images/icons/material/system_gm/1x/public_gm_blue_20dp.png,Website,Open until 10:00 pm
Western union money transfer,Money transfer service,Gov. M. Cuenco Ave,(032) 417 9654,4.0,(1),,,,Open until 9:00 pm
MoneyGram,Money transfer service,"1st Flr Rd, Bldg Talamban",0916 719 6072,4.0,(1),http://global.moneygram.com/ph/tl,https://www.gstatic.com/images/icons/material/system_gm/1x/public_gm_blue_20dp.png,Website,Open until 6:30 pm
Coinstar Money Transfer,Money transfer service,"Metrobank, 117 Gorordo Ave",(032) 231 0712,4.0,(2),,,,
Xpress Money,Money transfer service,"Cebuana Lhuillier Services Corporation, B. Rodriguez St",(032) 412 9328,5.0,(1),http://www.xpressmoney.com/,https://www.gstatic.com/images/icons/material/system_gm/1x/public_gm_blue_20dp.png,Website,
MoneyGram,Money transfer service,22 R. Duterte St,(048) 433 4110,5.0,(1),http://global.moneygram.com/ph/tl,https://www.gstatic.com/images/icons/material/system_gm/1x/public_gm_blue_20dp.png,Website,Open until 5:30 pm
MoneyGram,Money transfer service,"Gorordo Avenue Ground, Flr#74",(032) 348 9400,,,http://global.moneygram.com/ph/tl,https://www.gstatic.com/images/icons/material/system_gm/1x/public_gm_blue_20dp.png,Website,Open until 8:00 pm
MoneyGram,Money transfer service,471 1 V Rama Ave,(048) 433 4110,,,http://global.moneygram.com/ph/tl,https://www.gstatic.com/images/icons/material/system_gm/1x/public_gm_blue_20dp.png,Website,Open until 5:30 pm
Xpress Money,Money transfer service,"Cebuana Lhuillier Services Corporation, 43 Osmeña Boulevard",(032) 412 9173,3.5,(2),http://www.xpressmoney.com/,https://www.gstatic.com/images/icons/material/system_gm/1x/public_gm_blue_20dp.png,Website,
MoneyGram,Money transfer service,Gaisano Capital South,(032) 348 9400,1.0,(1),http://global.moneygram.com/ph/tl,https://www.gstatic.com/images/icons/material/system_gm/1x/public_gm_blue_20dp.png,Website,Open until 8:00 pm
Coinstar Money Transfer,Money transfer service,"UCPB, UCPB Building, Salinas Drive, Lahug",(032) 233 2123,5.0,(1),,,,Open until 5:30 pm
MoneyGram,Money transfer service,Town Center,(032) 348 9400,,,http://global.moneygram.com/ph/tl,https://www.gstatic.com/images/icons/material/system_gm/1x/public_gm_blue_20dp.png,Website,Open until 8:30 pm
Xpress Money,Money transfer service,"G-Xchange Inc., Globe Telecom, T-020, Level 3, Elizabeth Mall, N. Bacalso corner Leon Kilat Street",0927 420 5007,,,http://www.xpressmoney.com/,https://www.gstatic.com/images/icons/material/system_gm/1x/public_gm_blue_20dp.png,Website,
Xoom Money Transfer,Money transfer service,"Candelaria Arcade, A.C. Cortes Avenue corner S.B. Cabahug Street, Ibabao",(032) 345 0453,,,http://www.xoom.com/,https://www.gstatic.com/images/icons/material/system_gm/1x/public_gm_blue_20dp.png,Website,
Xpress Money,Money transfer service,"Metro Bank, N. Escario Street corner M. Zosa Street",(032) 255 6945,,,http://www.xpressmoney.com/,https://www.gstatic.com/images/icons/material/system_gm/1x/public_gm_blue_20dp.png,Website,
MoneyGram,Money transfer service,"Ave. Jessever Bldg, Fuente Osmeña Cir",(032) 348 9400,,,http://global.moneygram.com/ph/tl,https://www.gstatic.com/images/icons/material/system_gm/1x/public_gm_blue_20dp.png,Website,
Xpress Money,Money transfer service,"Cebuana Lhuillier Services Corporation, C. Padilla Street",0918 606 3428,,,http://www.xpressmoney.com/,https://www.gstatic.com/images/icons/material/system_gm/1x/public_gm_blue_20dp.png,Website,Open until 5:00 pm
Xoom Money Transfer - BPI Cebu Capitol,Money transfer service,Osmena Boulevard corner Jasmin Street,(032) 255 5095,,,http://www.xoom.com/,https://www.gstatic.com/images/icons/material/system_gm/1x/public_gm_blue_20dp.png,Website,
Western Union,Money transfer service,"A1 Financial Services Incorporated, Ground Floor, Albulario Building, General Maxilom Avenue",(032) 234 2677,3.0,(1),,,,Open until 9:00 pm
Coinstar Money Transfer,Money transfer service,"Cebuana Lhuillier, Bulacao Pardo",(032) 417 9611,,,,,,Open until 6:00 pm
MoneyGram,Money transfer service,694 M. L. Quezon Ave,(032) 348 9400,,,http://global.moneygram.com/ph/tl,https://www.gstatic.com/images/icons/material/system_gm/1x/public_gm_blue_20dp.png,Website,Open until 7:00 pm
Xpress Money,Money transfer service,"Cebuana Lhuillier Services Corporation, Bayanihan Road, Quiot Pardo",(032) 417 9783,4.0,(1),http://www.xpressmoney.com/,https://www.gstatic.com/images/icons/material/system_gm/1x/public_gm_blue_20dp.png,Website,Open until 9:00 pm
MoneyGram,Money transfer service,990 Gov. M. Cuenco Ave,(048) 433 4110,4.0,(1),http://global.moneygram.com/ph/tl,https://www.gstatic.com/images/icons/material/system_gm/1x/public_gm_blue_20dp.png,Website,Open until 5:30 pm
truemoney,Money transfer service,San Antonio,(032) 718 9999,4.0,(2),https://truemoney.com.ph/,https://www.gstatic.com/images/icons/material/system_gm/1x/public_gm_blue_20dp.png,Website,Open until 8:00 pm
MoneyGram,Money transfer service,Katipunan Cor Salvador St,(048) 433 4110,5.0,(1),http://global.moneygram.com/ph/tl,https://www.gstatic.com/images/icons/material/system_gm/1x/public_gm_blue_20dp.png,Website,Open until 5:30 pm
TrueMoney Philippines,Money transfer service,"2nd Floor Jca Pizza Building, Salinas Drive, Lahug",(02) 7718 9999,5.0,(1),https://truemoney.com.ph/,https://www.gstatic.com/images/icons/material/system_gm/1x/public_gm_blue_20dp.png,Website,Open until 6:00 pm
MoneyGram,Money transfer service,229-1A N,(048) 433 4110,,,http://global.moneygram.com/ph/tl,https://www.gstatic.com/images/icons/material/system_gm/1x/public_gm_blue_20dp.png,Website,Open until 5:30 pm
Cebuana Lhuillier Pera Padala,Money transfer service,1256 M. Cuenco Ave,(032) 418 0102,,,https://www.cebuanalhuillier.com/pera-padala/,https://www.gstatic.com/images/icons/material/system_gm/1x/public_gm_blue_20dp.png,Website,Open until 9:00 pm
Xpress Money,Money transfer service,"Metro Bank, Magallanes Street, Barangay Ermita",(032) 254 1340,3.5,(2),http://www.xpressmoney.com/,https://www.gstatic.com/images/icons/material/system_gm/1x/public_gm_blue_20dp.png,Website,
TrueMoney Philippines,Money transfer service,Cabangcalan St.,(02) 7718 9999,1.0,(1),https://truemoney.com.ph/,https://www.gstatic.com/images/icons/material/system_gm/1x/public_gm_blue_20dp.png,Website,Open until 6:00 pm
Xpress Money,Money transfer service,"Cebuana Lhuillier Services Corporation, Katipunan St",(032) 414 8286,5.0,(1),http://www.xpressmoney.com/,https://www.gstatic.com/images/icons/material/system_gm/1x/public_gm_blue_20dp.png,Website,Open until 5:30 pm
Xpress Money,Money transfer service,"Cebuana Lhuillier Services Corporation, Nasipit, Talamban",(032) 421 3153,,,http://www.xpressmoney.com/,https://www.gstatic.com/images/icons/material/system_gm/1x/public_gm_blue_20dp.png,Website,Open until 8:30 pm
MoneyGram,Money transfer service,33B A. S. Fortuna St,(032) 348 9400,,,http://global.moneygram.com/ph/tl,https://www.gstatic.com/images/icons/material/system_gm/1x/public_gm_blue_20dp.png,Website,Open until 8:00 pm
Trans - Fast,Money transfer service,302 Gorordo Ave,(032) 414 4954,,,http://www.transfast.com/,https://www.gstatic.com/images/icons/material/system_gm/1x/public_gm_blue_20dp.png,Website,
TrueMoney Philippines,Money transfer service,100 Gorordo Ave,(02) 7718 9999,1.0,(1),https://truemoney.com.ph/,https://www.gstatic.com/images/icons/material/system_gm/1x/public_gm_blue_20dp.png,Website,Open until 6:00 pm
Xpress Money,Money transfer service,"Cebuana Lhuillier Services Corporation, Tiburcio Padilla Street corner M. J. Cuenco Avenue",(032) 415 9613,,,http://www.xpressmoney.com/,https://www.gstatic.com/images/icons/material/system_gm/1x/public_gm_blue_20dp.png,Website,
Xpress Money,Money transfer service,"Cebuana Lhuillier Services Corporation, V Rama Ave",(032) 412 9635,,,http://www.xpressmoney.com/,https://www.gstatic.com/images/icons/material/system_gm/1x/public_gm_blue_20dp.png,Website,Open until 5:00 pm
Xpress Money,Money transfer service,"China Banking Corp., CBC Building, A. S. Fortuna Street, Banilad",(032) 346 5881,,,http://www.xpressmoney.com/,https://www.gstatic.com/images/icons/material/system_gm/1x/public_gm_blue_20dp.png,Website,
Xpress Money,Money transfer service,"G-Xchange Inc., Globelines Payments and Services Center, Prince Warehouse Club, Bulacao",(032) 416 3811,3.0,(1),http://www.xpressmoney.com/,https://www.gstatic.com/images/icons/material/system_gm/1x/public_gm_blue_20dp.png,Website,Open until 9:00 pm
Xpress Money,Money transfer service,"Metrobank Building, Governor M. Cuenco Avenue, Banilad Road, Banilad",(032) 346 1282,,,http://www.xpressmoney.com/,https://www.gstatic.com/images/icons/material/system_gm/1x/public_gm_blue_20dp.png,Website,Open until 6:00 pm
Xpress Money,Money transfer service,"China Bank, JY Square Mall, Salinas Drive, Lahug",(032) 417 2122,,,http://www.xpressmoney.com/,https://www.gstatic.com/images/icons/material/system_gm/1x/public_gm_blue_20dp.png,Website,Open until 7:00 pm
Xpress Money,Money transfer service,"Cebuana Lhuillier Services Corporation, 969 Vicente Rama Avenue, Guadalupe",(032) 412 9385,4.0,(1),http://www.xpressmoney.com/,https://www.gstatic.com/images/icons/material/system_gm/1x/public_gm_blue_20dp.png,Website,Open until 9:00 pm
TrueMoney Philippines,Money transfer service,"J.Bontuyan ,Talamban",(02) 7718 9999,4.0,(1),https://truemoney.com.ph/,https://www.gstatic.com/images/icons/material/system_gm/1x/public_gm_blue_20dp.png,Website,Open until 6:00 pm
Ria money transfer,Money transfer service,,Open until 8:00 pm,4.0,(2),,,,(032) 718 9999
Western Union,Money transfer service,"Robinsons Cybergate, Don Gil",(032) 505 8955,5.0,(1),http://www.westernunion.com.ph/,https://www.gstatic.com/images/icons/material/system_gm/1x/public_gm_blue_20dp.png,Website,Open until 5:30 pm
Xpress Money,Money transfer service,"Cebuana Lhuillier Services Corporation, Unit B 1247, Leyson Street, Talamban",(032) 412 8511,5.0,(1),http://www.xpressmoney.com/,https://www.gstatic.com/images/icons/material/system_gm/1x/public_gm_blue_20dp.png,Website,Open until 6:00 pm
Xpress Money,Money transfer service,"Cebuana Lhuillier Services Corporation, Topaz Street, Pasil",(032) 418 3272,,,http://www.xpressmoney.com/,https://www.gstatic.com/images/icons/material/system_gm/1x/public_gm_blue_20dp.png,Website,Open until 5:30 pm
TrueMoney Philippines,Money transfer service,Gorordo Ave,(02) 7718 9999,,,https://truemoney.com.ph/,https://www.gstatic.com/images/icons/material/system_gm/1x/public_gm_blue_20dp.png,Website,Open until 6:00 pm
Xpress Money,Money transfer service,"G-Xchange Inc., Prime Asia Pawn and Jewelry Shop, 265 F. Lamas Street, Punta Princesa",(032) 414 3001,3.5,(2),http://www.xpressmoney.com/,https://www.gstatic.com/images/icons/material/system_gm/1x/public_gm_blue_20dp.png,Website,
TrueMoney Philippines,Money transfer service,597-BPoblacion NAPardo (Pob.),(02) 7718 9999,1.0,(1),https://truemoney.com.ph/,https://www.gstatic.com/images/icons/material/system_gm/1x/public_gm_blue_20dp.png,Website,Open until 6:00 pm
Xpress Money,Money transfer service,"Allied Bank, Machay Building, 30 Gorordo Avenue, Lahug",(032) 234 0211,5.0,(1),http://www.xpressmoney.com/,https://www.gstatic.com/images/icons/material/system_gm/1x/public_gm_blue_20dp.png,Website,Open until 5:30 pm
Western Union,Money transfer service,Veterans Dr,(032) 417 2775,5.0,(1),http://www.westernunion.com.ph/,https://www.gstatic.com/images/icons/material/system_gm/1x/public_gm_blue_20dp.png,Website,Open until 8:30 pm
TrueMoney Philippines,Money transfer service,342-A Katipunan St,(02) 7718 9999,,,https://truemoney.com.ph/,https://www.gstatic.com/images/icons/material/system_gm/1x/public_gm_blue_20dp.png,Website,Open until 6:00 pm
Xpress Money,Money transfer service,"-Xchange Inc., Prime Asia Pawn and Jewelry Shop, 106 B. Katipunan Street, Labangon",(032) 414 8552,,,http://www.xpressmoney.com/,https://www.gstatic.com/images/icons/material/system_gm/1x/public_gm_blue_20dp.png,Website,
Xpress Money,Money transfer service,"Metro Bank, PNF Commercial Building, Talamban",(032) 346 6931,1.0,(1),http://www.xpressmoney.com/,https://www.gstatic.com/images/icons/material/system_gm/1x/public_gm_blue_20dp.png,Website,Open until 6:00 pm
TrueMoney Philippines,Money transfer service,,(02) 7718 9999,,,https://truemoney.com.ph/,https://www.gstatic.com/images/icons/material/system_gm/1x/public_gm_blue_20dp.png,Website,Open until 6:00 pm
TrueMoney Philippines,Money transfer service,"Holy Family Village 1 Mandaue,Banilad",(02) 7718 9999,,,https://truemoney.com.ph/,https://www.gstatic.com/images/icons/material/system_gm/1x/public_gm_blue_20dp.png,Website,Open until 6:00 pm
Xpress Money,Money transfer service,"Cebuana Lhuillier Services Corporation, Natalio Bacalso Avenue Extension, Mambaling",(032) 417 9599,,,http://www.xpressmoney.com/,https://www.gstatic.com/images/icons/material/system_gm/1x/public_gm_blue_20dp.png,Website,
TrueMoney Philippines,Money transfer service,Juan Luna St,(02) 7718 9999,3.0,(1),https://truemoney.com.ph/,https://www.gstatic.com/images/icons/material/system_gm/1x/public_gm_blue_20dp.png,Website,Open until 6:00 pm
Xpress Money,Money transfer service,"China Bank, CBC Building, M. Velez Street corner V. Rama Avenue, Guadalupe",(032) 254 7964,,,http://www.xpressmoney.com/,https://www.gstatic.com/images/icons/material/system_gm/1x/public_gm_blue_20dp.png,Website,Open until 6:00 pm
Xpress Money,Money transfer service,"China Bank, CBC Building, Magallanes Streetcorner Jakosalem Street",(032) 412 1877,,,http://www.xpressmoney.com/,https://www.gstatic.com/images/icons/material/system_gm/1x/public_gm_blue_20dp.png,Website,Open until 7:00 pm
Cebuana Lhuillier,Money transfer service,"Gorres Lacson, Colon St",(032) 412 9206,4.0,(1),https://www.cebuanalhuillier.com/,https://www.gstatic.com/images/icons/material/system_gm/1x/public_gm_blue_20dp.png,Website,Open until 9:00 pm
Xpress Money,Money transfer service,98 F. Ramos St,(032) 412 5858,4.0,(1),http://www.xpressmoney.com/,https://www.gstatic.com/images/icons/material/system_gm/1x/public_gm_blue_20dp.png,Website,Open until 6:00 pm
Xpress Money,Money transfer service,"Cebuana Lhuillier Services Corporation, 2nd Street, San Antonio Village Apas, Lahug",(032) 416 2409,4.0,(2),http://www.xpressmoney.com/,https://www.gstatic.com/images/icons/material/system_gm/1x/public_gm_blue_20dp.png,Website,Open until 8:00 pm
Xpress Money,Money transfer service,"Michel J. Lhuillier, 411 V Rama Ave",(032) 416 6522,5.0,(1),http://www.xpressmoney.com/,https://www.gstatic.com/images/icons/material/system_gm/1x/public_gm_blue_20dp.png,Website,Open until 5:30 pm
TrueMoney Philippines,Money transfer service,"76 A. Lopez St, Labangon",(02) 7718 9999,5.0,(1),https://truemoney.com.ph/,https://www.gstatic.com/images/icons/material/system_gm/1x/public_gm_blue_20dp.png,Website,Open until 6:00 pm
MoneyGram,Money transfer service,Tungkil,Open until 5:30 pm,5.0,(1),http://global.moneygram.com/ph/en,https://www.gstatic.com/images/icons/material/system_gm/1x/public_gm_blue_20dp.png,Website,(032) 418 3272
Xpress Money,Money transfer service,"Kwartagram Corporation, Metro Appliance Center, 181 Osmena Boulevard",(032) 238 1692,,,http://www.xpressmoney.com/,https://www.gstatic.com/images/icons/material/system_gm/1x/public_gm_blue_20dp.png,Website,Open until 6:00 pm
Cebuana Lhuillier Pawnshop,Money transfer service,"Poblacion, Cordova",(032) 496 8035,3.5,(2),http://www.perapadala.com/,https://www.gstatic.com/images/icons/material/system_gm/1x/public_gm_blue_20dp.png,Website,
Xpress Money,Money transfer service,"G-Xchange Inc., Prime Asia Pawn and Jewelry Shop, Ground Floor, Cebu Hallmark Hotel, Osmeña Boulevard",(032) 416 8962,1.0,(1),http://www.xpressmoney.com/,https://www.gstatic.com/images/icons/material/system_gm/1x/public_gm_blue_20dp.png,Website,Open until 6:00 pm
USSC Service Store,Money transfer service,"Gaisano Country Mall, Gov. M. Cuenco Ave",(032) 416 2889,5.0,(4),http://www.ussc.com.ph/,https://www.gstatic.com/images/icons/material/system_gm/1x/public_gm_blue_20dp.png,Website,Open until 5:30 pm
Xpress Money,Money transfer service,"G-Xchange Inc., Prime Asia Pawn and Jewelry Shop, 564 F. Llamas Street, Tisa",(032) 414 5300,5.0,(1),http://www.xpressmoney.com/,https://www.gstatic.com/images/icons/material/system_gm/1x/public_gm_blue_20dp.png,Website,Open until 8:30 pm
TrueMoney Philippines,Money transfer service,"Hernan Cortes Street,Subang daku",(02) 7718 9999,,,https://truemoney.com.ph/,https://www.gstatic.com/images/icons/material/system_gm/1x/public_gm_blue_20dp.png,Website,Open until 6:00 pm
M Lhuillier,Money transfer service,Katipunan St,,5.0,(1),,,,(032) 414 8552
Cebuana Lhuillier Pera Padala,Money transfer service,"ayala center cebu, 176 Archbishop Reyes Ave. Cebu Business Park",(032) 231 5342,1.0,(2),http://www.cebuanalhuillier.com/,https://www.gstatic.com/images/icons/material/system_gm/1x/public_gm_blue_20dp.png,Website,Open until 7:00 pm
Xpress Money,Money transfer service,"Michel J Lhuillier, Archbishop Reyes Avenue, Cabantan",(032) 232 1892,,,http://www.xpressmoney.com/,https://www.gstatic.com/images/icons/material/system_gm/1x/public_gm_blue_20dp.png,Website,Open until 6:00 pm
Xpress Money,Money transfer service,"G-Xchange Inc., Prime Asia Pawn and Jewelry Shop, N. Bacalso Avenue, Pardo",(032) 417 0071,,,http://www.xpressmoney.com/,https://www.gstatic.com/images/icons/material/system_gm/1x/public_gm_blue_20dp.png,Website,Open until 6:00 pm
Western Union,Money transfer service,"Abella Mary ELLFN Lim BLDG, Poblacion I",(032) 417 0071,,,http://www.westernunion.com.ph/en/,https://www.gstatic.com/images/icons/material/system_gm/1x/public_gm_blue_20dp.png,Website,
Xpress Money,Money transfer service,"Cebuana Lhuillier Services Corporation, Pei Building, 6 Acacia Street, Barangay Camputhaw",(032) 412 9054,3.0,(1),http://www.xpressmoney.com/,https://www.gstatic.com/images/icons/material/system_gm/1x/public_gm_blue_20dp.png,Website,Open until 6:00 pm
TrueMoney Philippines,Money transfer service,"Unit 404 ,J De Leyra St.,San Marino Residences ,Lahug",(02) 7718 9999,,,https://truemoney.com.ph/,https://www.gstatic.com/images/icons/material/system_gm/1x/public_gm_blue_20dp.png,Website,Open until 6:00 pm
TrueMoney Philippines,Money transfer service,General Maxilom Ave,(02) 7718 9999,,,https://truemoney.com.ph/,https://www.gstatic.com/images/icons/material/system_gm/1x/public_gm_blue_20dp.png,Website,Open until 6:00 pm
MoneyGram,Money transfer service,"Tabunok Administrative Bldg., 12B Toledo - Tabunok Rd",(032) 491 7298,4.0,(1),http://global.moneygram.com/ph/tl,https://www.gstatic.com/images/icons/material/system_gm/1x/public_gm_blue_20dp.png,Website,Open until 6:00 pm
Western Union,Money transfer service,"Maria Cristina Bldg, Fuente Osmena",(032) 412 5303,3.0,(3),http://www.westernunion.com.ph/,https://www.gstatic.com/images/icons/material/system_gm/1x/public_gm_blue_20dp.png,Website,Open until 6:00 pm
Western Union,Money transfer service,"Robinsons Fuente, T. Ramos, Fructuoso Ramos Street",(032) 412 6033,1.5,(8),,,,Open until 8:00 pm
Globe Gcash,Money transfer service,"Galleon Enterprises Telecom, 3rd Level, Robinsons Place, Fuente Osmena Avenue",(032) 412 5732,5.0,(1),,,,Open until 9:00 pm
Western Union,Money transfer service,"Park Mall, Oliano",(032) 420 9109,5.0,(1),http://www.westernunion.com.ph/,https://www.gstatic.com/images/icons/material/system_gm/1x/public_gm_blue_20dp.png,Website,Open until 6:00 pm
USSC,Money transfer service,"Door 3, Carvajal Building, 245 Francisco Llamas St",(032) 414 0210,5.0,(1),http://www.ussc.com.ph/,https://www.gstatic.com/images/icons/material/system_gm/1x/public_gm_blue_20dp.png,Website,Open until 5:30 pm
USSC Service Store,Money transfer service,"Starmall, Natalio B. Bacalso National Highway",Open until 6:00 pm,,,http://www.ussc.com.ph/,https://www.gstatic.com/images/icons/material/system_gm/1x/public_gm_blue_20dp.png,Website,(032) 238 1692
USSC Service Store,Money transfer service,"Worldwide Bldg., Juan Luna Ext. Corner A. Soriano St.",(032) 410 6856,3.5,(2),http://www.ussc.com.ph/,https://www.gstatic.com/images/icons/material/system_gm/1x/public_gm_blue_20dp.png,Website,
Western Union,Money transfer service,Natalio B. Bacalso Ave,Open until 6:00 pm,1.0,(1),http://www.westernunion.com.ph/,https://www.gstatic.com/images/icons/material/system_gm/1x/public_gm_blue_20dp.png,Website,(032) 416 8962
TrueMoney Philippines,Money transfer service,"Villa Manga, Natalio B. Bacalso Ave",(02) 7718 9999,5.0,(1),https://truemoney.com.ph/,https://www.gstatic.com/images/icons/material/system_gm/1x/public_gm_blue_20dp.png,Website,Open until 6:00 pm
Western Union,Money transfer service,"Dumos Bldg, Junquera St",(032) 266 0807,2.3,(3),http://www.westernunion.com/,https://www.gstatic.com/images/icons/material/system_gm/1x/public_gm_blue_20dp.png,Website,Open until 8:30 pm
Cebuana Lhullier,Money transfer service,Tupas St,(032) 418 3272,,,https://www.cebuanalhuillier.com/,https://www.gstatic.com/images/icons/material/system_gm/1x/public_gm_blue_20dp.png,Website,Open until 6:00 pm
Palawan,Money transfer service,Tupas St,,5.0,(1),http://www.palawanpawnshop.com/,https://www.gstatic.com/images/icons/material/system_gm/1x/public_gm_blue_20dp.png,Website,(032) 414 8552
TRUE MONEY TALAMBAN,Money transfer service,44 M. L. Quezon Ave,(032) 238 8475,1.0,(2),https://truemoney.com.ph/,https://www.gstatic.com/images/icons/material/system_gm/1x/public_gm_blue_20dp.png,Website,Open until 5:30 pm
Cebuana Lhuillier Services Corporation,Money transfer service,"728 JMS Building, M. L. Quezon Street",(02) 8899 6208,,,,,,Open until 6:00 pm
TrueMoney Philippines,Money transfer service,"50 So Road,Bulacao",(02) 7718 9999,,,https://truemoney.com.ph/,https://www.gstatic.com/images/icons/material/system_gm/1x/public_gm_blue_20dp.png,Website,Open until 6:00 pm
Cebuana Lhuillier Pawnshop,Money transfer service,6045 Nonoc Rd,(032) 272 2684,5.0,(1),http://www.perapadala.com/,https://www.gstatic.com/images/icons/material/system_gm/1x/public_gm_blue_20dp.png,Website,
Cebuana Lhuillier,Money transfer service,Toledo - Manipis Rd,(032) 491 5881,3.0,(1),http://www.cebuanalhuillier.com/,https://www.gstatic.com/images/icons/material/system_gm/1x/public_gm_blue_20dp.png,Website,Open until 6:00 pm
Palawan Pawnshop,Money transfer service,816 Katipunan St,Open until 6:00 pm,2.0,(8),http://www.palawanpawnshop.com/,https://www.gstatic.com/images/icons/material/system_gm/1x/public_gm_blue_20dp.png,Website,(02) 7718 9999
M Lhuillier,Money transfer service,"Benigno Bldg, Fuente Cirae",(032) 412 1048,,,,,,Open until 6:00 pm
M Lhuillier,Money transfer service,Cahipa St.,(032) 412 5496,3.0,(2),,,,Open until 6:00 pm
Cebuana Lhuillier,Money transfer service,"TCC Arcade, Rabaya",(032) 272 2684,3.0,(3),https://www.cebuanalhuillier.com/,https://www.gstatic.com/images/icons/material/system_gm/1x/public_gm_blue_20dp.png,Website,Open until 6:30 pm
USSC,Money transfer service,"103, Centro Maximo, Dionisio Jakosalem St",(032) 253 7209,1.5,(8),http://www.ussc.com.ph/,https://www.gstatic.com/images/icons/material/system_gm/1x/public_gm_blue_20dp.png,Website,Open until 8:00 pm
Palawan Pawnshop,Money transfer service,Natalio B. Bacalso Ave,Open until 9:00 pm,5.0,(1),http://www.palawanpawnshop.com/,https://www.gstatic.com/images/icons/material/system_gm/1x/public_gm_blue_20dp.png,Website,(032) 412 5732
Palawan,Money transfer service,Natalio B. Bacalso Ave,Open until 6:00 pm,5.0,(1),http://www.palawanpawnshop.com/,https://www.gstatic.com/images/icons/material/system_gm/1x/public_gm_blue_20dp.png,Website,(032) 420 9109
LBC Express Visayas Incorporated,Money transfer service,10 Gorordo Avenue,(035) 422 8014,5.0,(1),,,,Open until 5:30 pm
Palawan Express Pera Padala,Money transfer service,"Reynes Building, Cebu South Road",0917 928 1381,,,,,,Open until 6:00 pm
Western Union - True Value Hardware Corporate (Ayala Business Park),Money transfer service,"Unit 121, Groound Floor Ayala Business Park (Ayala Center), Bohol Avenue",(032) 188 7372,3.5,(2),http://www.westernunion.com.ph/,https://www.gstatic.com/images/icons/material/system_gm/1x/public_gm_blue_20dp.png,Website,
Western Union-Ebiz,Money transfer service,,0917 834 5327,5.0,(5),http://www.westernunion.com/,https://www.gstatic.com/images/icons/material/system_gm/1x/public_gm_blue_20dp.png,Website,Open until 5:00 pm
Palawan Pawnshop,Money transfer service,Gorordo Ave,(032) 263 3408,5.0,(2),http://www.palawanpawnshop.com/,https://www.gstatic.com/images/icons/material/system_gm/1x/public_gm_blue_20dp.png,Website,Open until 6:00 pm
Bayad Center,Money transfer service,"2nd Level, Robinsons Cybergate, Don Gil Garcia Street",(032) 479 9500,2.3,(3),,,,Open until 8:30 pm
Mlhuillier,Money transfer service,Laray,(032) 238 8574,1.0,(1),,,,Open until 6:00 pm
Palawan Express,Money transfer service,22 R. Duterte St,(032) 414 8552,3.9,(7),http://palawanpawnshop.com/,https://www.gstatic.com/images/icons/material/system_gm/1x/public_gm_blue_20dp.png,Website,Open until 8:30 pm
Visayan Electric Company Bill Payments,Money transfer service,"Ground Floor, Banco de Oro, Insular Life Cebu Business Centre, General Arcadio Maxilom Avenue, corner Gorordo Avenue",(032) 266 0971,1.0,(2),,,,Open until 5:30 pm
M Lhuillier,Money transfer service,"Angeles Do Bldg., Fuente Osmeña Cir",324124,2.8,(13),,,,Open until 6:00 pm
Visayan Electric Company Bill Payments,Money transfer service,"UnionBank, Gaisano Country Mall, Camp Lapu-lapu Road, Banilad",(032) 416 2883,,,,,,Open until 6:00 pm
LBC Money Exchange,Money transfer service,,(02) 8858 5999,5.0,(1),,,,Open until 9:00 pm
M Lhuillier,Money transfer service,Salinas Dr,Open until 6:00 pm,2.0,(4),,,,(032) 491 5881
TrueMoney Philippines,Money transfer service,"M. L. Quezon Street,Maguikay",(02) 7718 9999,2.0,(8),https://truemoney.com.ph/,https://www.gstatic.com/images/icons/material/system_gm/1x/public_gm_blue_20dp.png,Website,Open until 6:00 pm
"Western Union - R Way Financial Services, Inc.-Burgos",Money transfer service,"440 Burgos Street, Barangay Alang-Alang",(032) 346 3140,,,http://www.westernunion.com.ph/,https://www.gstatic.com/images/icons/material/system_gm/1x/public_gm_blue_20dp.png,Website,Open until 6:00 pm
Western Union - D' Oriental Gold Pawnshop-M. L. Quezon,Money transfer service,"G/F Maguikay Market Place, M. L. Quezon Street (beside Jollibee), Maguikay",(032) 346 4082,5.0,(1),http://www.westernunion.com.ph/,https://www.gstatic.com/images/icons/material/system_gm/1x/public_gm_blue_20dp.png,Website,Open until 6:00 pm
M. Lhuillier B. Rodriguez,Money transfer service,B. Rodriguez Street (Infront of Vicente Sotto Hospital),(032) 253 4912,4.0,(2),,,,Open until 6:30 pm
TrueMoney Philippines,Money transfer service,"Villa Leyson Subdivision,Bacayan",(02) 7718 9999,1.5,(8),https://truemoney.com.ph/,https://www.gstatic.com/images/icons/material/system_gm/1x/public_gm_blue_20dp.png,Website,Open until 6:00 pm
Xpress Money,Money transfer service,"G-Xchange Inc., Prime Asia Pawn and Jewelry Shop, Villa Leyson Subdivision, Bacayan",(032) 417 6265,5.0,(1),http://www.xpressmoney.com/,https://www.gstatic.com/images/icons/material/system_gm/1x/public_gm_blue_20dp.png,Website,Open until 9:00 pm
TrueMoney Philippines,Money transfer service,"471 P. Burgos Street,Alang-Alang",(02) 7718 9999,5.0,(1),https://truemoney.com.ph/,https://www.gstatic.com/images/icons/material/system_gm/1x/public_gm_blue_20dp.png,Website,Open until 6:00 pm
Universal Storefront Services Corporation,Money transfer service,"National Highway, M. Frasco Road corner, Poblacion, Liloan",(032) 424 4717,5.0,(1),,,,Open until 5:30 pm
Western Union - Petnet-A. C. Cortes,Money transfer service,"Brookside Square, A. C. Cortes Avenue",(032) 340 7316,,,http://www.westernunion.com.ph/,https://www.gstatic.com/images/icons/material/system_gm/1x/public_gm_blue_20dp.png,Website,Open until 6:00 pm
Xpress Money,Money transfer service,"Metro Bank, Barangay Cansaga, Consolacion",(032) 423 9229,3.5,(2),http://www.xpressmoney.com/,https://www.gstatic.com/images/icons/material/system_gm/1x/public_gm_blue_20dp.png,Website,
M Lhullier,Money transfer service,Jose Rizal St,Open until 5:00 pm,5.0,(1),,,,0917 834 5327
Western Union - Robinsons Saving Bank,Money order service,"GF, Robinsons Cybergate Cebu, Don Gil Garcia Corner J Llorente Street",0956 764 0026,5.0,(1),https://www.robinsonsbank.com.ph/,https://www.gstatic.com/images/icons/material/system_gm/1x/public_gm_blue_20dp.png,Website,Open until 6:00 pm
USSC,Money transfer service,"Pacific Mall, M.C. Briones St. Corner UN Ave",(032) 520 3436,5.0,(1),http://www.ussc.com.ph/,https://www.gstatic.com/images/icons/material/system_gm/1x/public_gm_blue_20dp.png,Website,Open until 8:30 pm
USSC Service Store,Money transfer service,"Marina Mall, M.L. Quezon National Highway",(032) 494 0074,1.0,(1),http://www.ussc.com.ph/,https://www.gstatic.com/images/icons/material/system_gm/1x/public_gm_blue_20dp.png,Website,Open until 6:00 pm
LBC EXPRESS,Money transfer service,"3RD LEVEL ROBINSONS PLACE BLDG., F, Fuente Osmeña Cir",(02) 8858 5999,3.9,(7),https://www.lbcexpress.com/,https://www.gstatic.com/images/icons/material/system_gm/1x/public_gm_blue_20dp.png,Website,Open until 9:00 pm
Cebuana Lhuillier Services Corporation,Money transfer service,1160 Hernan Cortes Street,(02) 7728 3826,1.0,(2),,,,Open until 5:30 pm
LBC EXPRESS,Money transfer service,"GAISANO COUNTRY MALL, GAISANO ROAD, BANILAD",(02) 8858 5999,2.8,(13),https://www.lbcexpress.com/,https://www.gstatic.com/images/icons/material/system_gm/1x/public_gm_blue_20dp.png,Website,Open until 7:00 pm
Cebuana Lhuillier Services Corporation,Money transfer service,"Door 5, LHT Development Corporation, 1029 Herman Cortes Street, Suban",(02) 7728 3826,1.0,(1),,,,Open until 6:00 pm
LBC EXPRESS,Money transfer service,"UNIT 9G G/F JY SQUARE MALL, #1, Salinas Dr",(02) 8858 5999,5.0,(1),https://www.lbcexpress.com/,https://www.gstatic.com/images/icons/material/system_gm/1x/public_gm_blue_20dp.png,Website,Open until 9:00 pm
LBC EXPRESS,Money transfer service,"TGU TOWER, ASIATOWN IT PARK, MARIA DEL MAR, COR Salinas Dr",(02) 8858 5999,2.0,(4),https://www.lbcexpress.com/,https://www.gstatic.com/images/icons/material/system_gm/1x/public_gm_blue_20dp.png,Website,Open until 8:30 pm
LBC EXPRESS,Money transfer service,GROUND FLOOR GAISANO CAPITAL TISA,(02) 8858 5999,2.0,(8),https://www.lbcexpress.com/,https://www.gstatic.com/images/icons/material/system_gm/1x/public_gm_blue_20dp.png,Website,Open until 9:00 pm
LBC EXPRESS,Money transfer service,"RIDGES COMMERCIAL BUILDING, F. Cabahug St",(02) 8858 5999,,,https://www.lbcexpress.com/,https://www.gstatic.com/images/icons/material/system_gm/1x/public_gm_blue_20dp.png,Website,Open until 7:00 pm
LBC EXPRESS,Money transfer service,"DOOR 3, G/F CINCO CENTRUM BLDG, Fuente Osmeña Cir",(02) 8858 5999,5.0,(1),https://www.lbcexpress.com/,https://www.gstatic.com/images/icons/material/system_gm/1x/public_gm_blue_20dp.png,Website,Open until 9:00 pm
LBC EXPRESS,Money transfer service,"M. R. CONCEPCION BUILDING, 100 N Escario St",(02) 8858 5999,4.0,(2),https://www.lbcexpress.com/,https://www.gstatic.com/images/icons/material/system_gm/1x/public_gm_blue_20dp.png,Website,Open until 8:00 pm
LBC EXPRESS,Money transfer service,"PLARIDEL, COR Progreso St",(02) 8858 5999,1.5,(8),https://www.lbcexpress.com/,https://www.gstatic.com/images/icons/material/system_gm/1x/public_gm_blue_20dp.png,Website,Open until 9:00 pm
LBC EXPRESS,Money transfer service,"GROUND FLOOR (GF-21) ONE PAVILION MALL, R. Duterte St",(02) 8858 5999,1.0,(1),https://www.lbcexpress.com/,https://www.gstatic.com/images/icons/material/system_gm/1x/public_gm_blue_20dp.png,Website,Open until 9:00 pm
LBC Express - Colonnade Branch,Money transfer service,"Colonnade Mall, 2Nd, Colon St",Open until 6:00 pm,5.0,(1),https://www.lbcexpress.com/,https://www.gstatic.com/images/icons/material/system_gm/1x/public_gm_blue_20dp.png,Website,(02) 7718 9999
LBC EXPRESS,Money transfer service,"Mango Avenue, corner Juana Osmeña St",(02) 8858 5999,5.0,(1),https://www.lbcexpress.com/,https://www.gstatic.com/images/icons/material/system_gm/1x/public_gm_blue_20dp.png,Website,Open until 9:00 pm
Pinoy Got Dollars,Money transfer service,Cebu City,0922 867 3612,,,,,,Open until 6:00 pm
LBC EXPRESS,Money transfer service,"G/F SHOPWISE, SOUTH ROAD",(02) 8858 5999,2.3,(3),https://www.lbcexpress.com/,https://www.gstatic.com/images/icons/material/system_gm/1x/public_gm_blue_20dp.png,Website,Open until 9:00 pm
LBC EXPRESS,Money transfer service,1675 M. J. Cuenco Ave,(02) 8858 5999,5.0,(1),https://www.lbcexpress.com/,https://www.gstatic.com/images/icons/material/system_gm/1x/public_gm_blue_20dp.png,Website,Open until 5:00 pm
LBC EXPRESS,Money transfer service,"MERCADO BUILDING, NO. 004 G/F, Gorordo Ave",(02) 8858 5999,5.0,(1),https://www.lbcexpress.com/,https://www.gstatic.com/images/icons/material/system_gm/1x/public_gm_blue_20dp.png,Website,Open until 9:00 pm
LBC EXPRESS,Money transfer service,"G/F #2 GAISANO CAPITAL, M. L. QUEZON ST",(02) 8858 5999,5.0,(1),https://www.lbcexpress.com/,https://www.gstatic.com/images/icons/material/system_gm/1x/public_gm_blue_20dp.png,Website,Open until 9:00 pm
LBC EXPRESS,Money transfer service,"UNIT #43 G/F CEBU PARKMALL, QUANO AVE. NORTH RECLAMATION AREA",(02) 8858 5999,1.0,(1),https://www.lbcexpress.com/,https://www.gstatic.com/images/icons/material/system_gm/1x/public_gm_blue_20dp.png,Website,Open until 9:00 pm
Palawan Pawnshop,Money transfer service,Central Poblacion,Open until 9:00 pm,1.0,(1),http://www.palawanpawnshop.com/,https://www.gstatic.com/images/icons/material/system_gm/1x/public_gm_blue_20dp.png,Website,(02) 8858 5999
Visayan Electric Company Bill Payments,Business center,"Banco de Oro, SM City Cebu, Juan Luna Avenue Extension, North Reclamation Area",(032) 231 2082,4.0,(4),"http://www.visayanelectric.com/page.html?main=clients&sub1=your%20bill&sub2=Text,%20ASKVECO(space)BILL",https://www.gstatic.com/images/icons/material/system_gm/1x/public_gm_blue_20dp.png,Website,Open until 5:30 pm
EBiz Western Union,Apartment building,Osmeña Blvd,(032) 253 5560,2.8,(13),,,,Open until 7:00 pm
LBC EXPRESS,Money transfer service,"MDE-GFS-13 G/F STALL GAISANO GRAND MALL, CENTRO BLDG. A DEL ROSARIO ST",(02) 8858 5999,1.0,(1),https://www.lbcexpress.com/,https://www.gstatic.com/images/icons/material/system_gm/1x/public_gm_blue_20dp.png,Website,Open until 9:00 pm
Cebuana Lhuillier Services Corporation,Money transfer service,"Katipunan Street, corner Salvador Street, Labangon",(032) 414 8286,5.0,(1),,,,Open until 9:00 pm
LBC EXPRESS,Money transfer service,"L J BUILDING, WARD III, POBLACION",(02) 8858 5999,2.0,(4),https://www.lbcexpress.com/,https://www.gstatic.com/images/icons/material/system_gm/1x/public_gm_blue_20dp.png,Website,Open until 9:00 pm
Cebuana Lhuillier Services Corporation,Money transfer service,"1 Room 8, Pueblo Aznar, M. J. Cuenco Avenue, Corner General Maxilom Avenue Extension",(032) 412 9241,5.0,(1),,,,Open until 9:00 pm
Cebuana Lhuillier Pawnshop - Guada Church,Money transfer service,J Labra St,0946 974 1224,,,https://www.cebuanalhuillier.com/,https://www.gstatic.com/images/icons/material/system_gm/1x/public_gm_blue_20dp.png,Website,Open until 5:30 pm
LBC EXPRESS,Money transfer service,"UNIT 6 CANDUMAN TOWN CENTER, H. Abellana St",(02) 8858 5999,5.0,(1),https://www.lbcexpress.com/,https://www.gstatic.com/images/icons/material/system_gm/1x/public_gm_blue_20dp.png,Website,Open until 9:00 pm
LBC EXPRESS,Money transfer service,"GAISANO GRAND MALL, 1ST LEVEL, TALAMBAN, CEBU CITY",(02) 8858 5999,5.0,(1),https://www.lbcexpress.com/,https://www.gstatic.com/images/icons/material/system_gm/1x/public_gm_blue_20dp.png,Website,Open until 9:00 pm
Cebuana Lhuillier Services Corporation,Money transfer service,"Jorgi Go Building, Quezon National Highway, Pajo",(032) 495 3498,4.5,(2),https://www.cebuanalhuillier.com/pera-padala/,https://www.gstatic.com/images/icons/material/system_gm/1x/public_gm_blue_20dp.png,Website,Open until 9:00 pm
LBC EXPRESS,Money transfer service,"ayala center cebu, SERVICE HUB, STALL SH12 4TH",(02) 8858 5999,2.1,(35),https://www.lbcexpress.com/,https://www.gstatic.com/images/icons/material/system_gm/1x/public_gm_blue_20dp.png,Website,Open until 9:00 pm
LBC EXPRESS,Money transfer service,"Ground Floor, Cebu IT Park",(02) 8858 5999,1.0,(1),https://www.lbcexpress.com/,https://www.gstatic.com/images/icons/material/system_gm/1x/public_gm_blue_20dp.png,Website,Open until 6:00 pm
LBC Express - Ramos Branch,Money transfer service,242 F. Ramos St,0915 636 4260,2.8,(5),https://www.lbcexpress.com/,https://www.gstatic.com/images/icons/material/system_gm/1x/public_gm_blue_20dp.png,Website,Open until 5:00 pm
Cebuana Lhuillier Pawnshop - Capitol Site,Money transfer service,1152 Ponce St,0977 186 6732,5.0,(1),https://www.cebuanalhuillier.com/,https://www.gstatic.com/images/icons/material/system_gm/1x/public_gm_blue_20dp.png,Website,Open until 6:30 pm
LBC EXPRESS,Money transfer service,"LBC BANK BLDG. COR. GORORDO &, Archbishop Reyes Ave",(02) 8858 5999,2.3,(3),https://www.lbcexpress.com/,https://www.gstatic.com/images/icons/material/system_gm/1x/public_gm_blue_20dp.png,Website,Open until 9:00 pm
LBC Express - Escario Branch,Money transfer service,"Capitol Square, G/F Arcade 2, G3, N Escario St",Open until 5:00 pm,4.3,(3),https://www.lbcexpress.com/,https://www.gstatic.com/images/icons/material/system_gm/1x/public_gm_blue_20dp.png,Website,(02) 8858 5999
LBC Express - Cebu It Park Branch,Money transfer service,"TGU Tower, Ground Floor",(02) 8858 5999,1.8,(5),https://www.lbcexpress.com/,https://www.gstatic.com/images/icons/material/system_gm/1x/public_gm_blue_20dp.png,Website,Open until 7:30 pm
LBC EXPRESS,Money transfer service,"F#2 YUSING DEVT. CORP, F. Ramos St",(02) 8858 5999,5.0,(1),https://www.lbcexpress.com/,https://www.gstatic.com/images/icons/material/system_gm/1x/public_gm_blue_20dp.png,Website,Open until 6:00 pm
Cebuana Lhuillier Pawnshop,Money transfer service,"VR Apartelle, #575 Englis V Rama Ave",(032) 412 8201,1.0,(1),https://www.cebuanalhuillier.com/,https://www.gstatic.com/images/icons/material/system_gm/1x/public_gm_blue_20dp.png,Website,Open until 5:30 pm
"Cebuana Lhuillier Pawnshop -Lahug,Cebu",Money transfer service,"Corner Veterans &, Salinas Dr",(032) 417 7177,1.0,(3),https://www.cebuanalhuillier.com/,https://www.gstatic.com/images/icons/material/system_gm/1x/public_gm_blue_20dp.png,Website,Open until 10:00 pm
LBC EXPRESS,Money transfer service,"MAGALLANES COR, Leon Kilat St",(02) 8858 5999,4.0,(4),https://www.lbcexpress.com/,https://www.gstatic.com/images/icons/material/system_gm/1x/public_gm_blue_20dp.png,Website,Open until 9:00 pm
LBC EXPRESS,Money transfer service,"PORT CENTRE, APM Shopping Mall, ANDRES SORIANO JR. AVENUE",(02) 8858 5999,2.8,(13),https://www.lbcexpress.com/,https://www.gstatic.com/images/icons/material/system_gm/1x/public_gm_blue_20dp.png,Website,Open until 9:00 pm
LBC Express - Subangdaku Branch,Money transfer service,"Friendship 2 Bldg, Door 2",Open until 9:00 pm,1.0,(2),https://www.lbcexpress.com/,https://www.gstatic.com/images/icons/material/system_gm/1x/public_gm_blue_20dp.png,Website,(02) 8858 5999
Cebuana Lhuillier Pawnshop - B. RODRIGUEZ,Money transfer service,B. Rodriguez St,(072) 607 4159,5.0,(1),https://www.cebuanalhuillier.com/,https://www.gstatic.com/images/icons/material/system_gm/1x/public_gm_blue_20dp.png,Website,Open until 5:00 pm
Cebuana Lhuillier,Money transfer service,"JVR Bldg., Pagsabungan cor. Mandaue North Road, Basak, Mandaue City",(038) 507 9411,2.0,(4),https://www.cebuanalhuillier.com/,https://www.gstatic.com/images/icons/material/system_gm/1x/public_gm_blue_20dp.png,Website,Open until 5:00 pm
LBC EXPRESS,Money transfer service,"TALISAY SOUTH CENTRAL SQUARE, CEBU SOUTH ROAD, Lawaan 3 St",(02) 8858 5999,2.3,(3),https://www.lbcexpress.com/,https://www.gstatic.com/images/icons/material/system_gm/1x/public_gm_blue_20dp.png,Website,Open until 6:00 pm
Cebuana Lhuillier Pawnshop,Money transfer service,"Katipunan Street, Corner Salvador Street, Cebu",(032) 414 8286,1.8,(5),https://www.cebuanalhuillier.com/,https://www.gstatic.com/images/icons/material/system_gm/1x/public_gm_blue_20dp.png,Website,Open until 5:30 pm
LBC EXPRESS,Money transfer service,DOOR #2 FRIENDSHIP 2 BLDG,(02) 8858 5999,5.0,(1),https://www.lbcexpress.com/,https://www.gstatic.com/images/icons/material/system_gm/1x/public_gm_blue_20dp.png,Website,Open until 9:00 pm
"Cebuana Lhuillier Pawnshop -Cebu ,Cebu",Money transfer service,509 B Villa Aznar Rd,(032) 260 5356,5.0,(1),https://www.cebuanalhuillier.com/,https://www.gstatic.com/images/icons/material/system_gm/1x/public_gm_blue_20dp.png,Website,Open until 5:00 pm
LBC Express - Gaisano South Branch,Money transfer service,"2Nd Floor, Gaisano Capital South Cor. Colon, Leon Kilat St",Open until 9:00 pm,1.0,(2),https://www.lbcexpress.com/,https://www.gstatic.com/images/icons/material/system_gm/1x/public_gm_blue_20dp.png,Website,(032) 495 3498
LBC Express - Sto. Nino Branch,Money transfer service,"Ground Floor Rcac Bldg 4 &, 5 Legaspi St",Open until 9:00 pm,5.0,(1),https://www.lbcexpress.com/,https://www.gstatic.com/images/icons/material/system_gm/1x/public_gm_blue_20dp.png,Website,(02) 8858 5999
Cebuana Lhuillier Pawnshop,Money transfer service,100 P. Cabantan,(032) 412 9321,5.0,(1),https://www.cebuanalhuillier.com/,https://www.gstatic.com/images/icons/material/system_gm/1x/public_gm_blue_20dp.png,Website,Open until 5:00 pm
Cebuana Lhuillier Pawnshop,Money transfer service,"Rose Building, Tres de Abril corner A. Lopez Street, Labangon",(032) 417 9665,5.0,(1),https://www.cebuanalhuillier.com/,https://www.gstatic.com/images/icons/material/system_gm/1x/public_gm_blue_20dp.png,Website,Open until 5:00 pm
Cebuana Lhuillier Pawnshop,Money transfer service,P. Zamora Street,(032) 412 2884,2.5,(2),https://www.cebuanalhuillier.com/,https://www.gstatic.com/images/icons/material/system_gm/1x/public_gm_blue_20dp.png,Website,Open until 6:30 pm
LBC Express,Money transfer service,"SM Seaside City, GF",Open until 9:00 pm,2.3,(3),https://www.lbcexpress.com/,https://www.gstatic.com/images/icons/material/system_gm/1x/public_gm_blue_20dp.png,Website,(02) 8858 5999
LBC Express,Money transfer service,"Robinsons Galleria Cebu, Gen. Maxilom Ext",Open until 5:00 pm,4.0,(5),https://www.lbcexpress.com/,https://www.gstatic.com/images/icons/material/system_gm/1x/public_gm_blue_20dp.png,Website,(02) 8858 5999
Cebuana Lhuillier GAISANO TALAMBAN,Money transfer service,"SF5A 2/F GAISANO GRAND MALL TALAMBAN, NASIPIT, TALAMBAN, CEBU",(02) 475 4279,5.0,(1),https://www.cebuanalhuillier.com/,https://www.gstatic.com/images/icons/material/system_gm/1x/public_gm_blue_20dp.png,Website,Open until 5:00 pm
LBC EXPRESS,Money transfer service,G/F GAISANO FIESTA MALL,(02) 8858 5999,1.9,(19),https://www.lbcexpress.com/,https://www.gstatic.com/images/icons/material/system_gm/1x/public_gm_blue_20dp.png,Website,Open until 9:00 pm
Cebuana Lhuillier Pawnshop - Usc Talamban,Money transfer service,"Unit B 1247, Leyson Street",0928 343 0787,5.0,(2),https://www.cebuanalhuillier.com/,https://www.gstatic.com/images/icons/material/system_gm/1x/public_gm_blue_20dp.png,Website,Open until 7:00 pm
"Cebuana Lhuillier Pawnshop -Talamban,Cebu",Money transfer service,"Unit B 1247, Leyson Street",(032) 412 8511,1.0,(3),https://www.cebuanalhuillier.com/,https://www.gstatic.com/images/icons/material/system_gm/1x/public_gm_blue_20dp.png,Website,Open until 5:00 pm
LBC Express - Pardo Branch,Money transfer service,"549 Poblacion, Pardo",Open until 9:00 pm,4.0,(4),https://www.lbcexpress.com/,https://www.gstatic.com/images/icons/material/system_gm/1x/public_gm_blue_20dp.png,Website,(02) 8858 5999
"Cebuana Lhuillier Pawnshop -Cebu ,Cebu",Money transfer service,103 Gorordo Ave,(032) 412 2395,3.5,(4),https://www.cebuanalhuillier.com/,https://www.gstatic.com/images/icons/material/system_gm/1x/public_gm_blue_20dp.png,Website,Open until 7:30 pm
LBC EXPRESS,Money transfer service,"GAISANO GRAND MALL, Natalio B. Bacalso Ave",(02) 8858 5999,2.9,(7),https://www.lbcexpress.com/,https://www.gstatic.com/images/icons/material/system_gm/1x/public_gm_blue_20dp.png,Website,Open until 9:00 pm
Cebuana Lhuillier Pawnshop,Money transfer service,"Ayala Center , Business Park, Brgy. Luz",(032) 520 8561,5.0,(1),https://www.cebuanalhuillier.com/,https://www.gstatic.com/images/icons/material/system_gm/1x/public_gm_blue_20dp.png,Website,Open until 5:00 pm
Cebuana Lhuillier Pawnshop - Jy Lahug,Money transfer service,310 Gorordo Ave,0919 735 6690,2.0,(4),https://www.cebuanalhuillier.com/,https://www.gstatic.com/images/icons/material/system_gm/1x/public_gm_blue_20dp.png,Website,Open until 7:30 pm
"Cebuana Lhuillier Pawnshop -Cebu ,Cebu",Money transfer service,"Doctor's Building, Osmeña Blvd",(032) 412 5309,5.0,(1),https://www.cebuanalhuillier.com/,https://www.gstatic.com/images/icons/material/system_gm/1x/public_gm_blue_20dp.png,Website,Open until 5:00 pm
"Cebuana Lhuillier Pawnshop -Cebu ,Cebu",Money transfer service,M. J. Cuenco Ave,(032) 412 9005,3.5,(2),https://www.cebuanalhuillier.com/,https://www.gstatic.com/images/icons/material/system_gm/1x/public_gm_blue_20dp.png,Website,Open until 5:00 pm
Cebuana Lhuillier Services Corporation,Money transfer service,44 Felix Paras Street,(032) 470 9254,5.0,(1),https://www.cebuanalhuillier.com/pera-padala/,https://www.gstatic.com/images/icons/material/system_gm/1x/public_gm_blue_20dp.png,Website,Open until 9:00 pm
LBC EXPRESS,Money transfer service,"STS. HIGHWAY, UNIT 07, THE NORTH ATRIUM, MC BRIONES, COR A. S. Fortuna St",(02) 8858 5999,5.0,(1),https://www.lbcexpress.com/,https://www.gstatic.com/images/icons/material/system_gm/1x/public_gm_blue_20dp.png,Website,Open until 5:00 pm
Ria Financial Services,Money transfer service,"894, Dr. T.S. Kintanar Street, Poblacion, Argao",(032) 645 7896,1.0,(2),http://www.riafinancial.com/,https://www.gstatic.com/images/icons/material/system_gm/1x/public_gm_blue_20dp.png,Website,Open until 9:00 pm
LBC EXPRESS,Money transfer service,"STA. LUCIA TOWN SQUARE, CANSAGA, CONSOLACION",(02) 8858 5999,5.0,(1),https://www.lbcexpress.com/,https://www.gstatic.com/images/icons/material/system_gm/1x/public_gm_blue_20dp.png,Website,Open until 8:00 pm