[
  {
    "section-result-title": "Yamaha",
    "cards-rating-score": 4,
    "section-result-num-ratings": "(34)",
    "section-result-details": "Motorcycle dealer",
    "section-result-location": "Lopez Jaena St",
    "section-result-description": "Motorcycle products & parts",
    "section-result-info": "Open until 6:00 pm",
    "section-result-info 2": "(032) 520 1713"
  },
  {
    "section-result-title": "Honda Philippines, Inc.",
    "cards-rating-score": 4.1,
    "section-result-num-ratings": "(144)",
    "section-result-details": "Motorcycle dealer",
    "section-result-location": "Salinas Dr",
    "section-result-description": "Motorcycle products & parts",
    "section-result-info": "Open until 6:00 pm",
    "section-result-info 2": "(032) 415 1263"
  },
  {
    "section-result-title": "Honda Best Service Motor Corp",
    "cards-rating-score": 5,
    "section-result-num-ratings": "(2)",
    "section-result-details": "Motorcycle dealer",
    "section-result-location": "D&C Building, M. C. Briones St",
    "section-result-description": "",
    "section-result-info": "",
    "section-result-info 2": "(032) 343 7193"
  },
  {
    "section-result-title": "Motortrade",
    "cards-rating-score": 3.5,
    "section-result-num-ratings": "(13)",
    "section-result-details": "Motorcycle dealer",
    "section-result-location": "G.Y. Dela Serna St",
    "section-result-description": "",
    "section-result-info": "Open until 5:00 pm",
    "section-result-info 2": "(032) 268 5059"
  },
  {
    "section-result-title": "Wheeltek Motor Sales Corp. Fuente Branch",
    "cards-rating-score": 1.5,
    "section-result-num-ratings": "(12)",
    "section-result-details": "Motorcycle dealer",
    "section-result-location": "YMCA, Osmeña Blvd",
    "section-result-description": "",
    "section-result-info": "Open until 5:00 pm",
    "section-result-info 2": "0932 347 5788"
  },
  {
    "section-result-title": "Yamaha Gorordo",
    "cards-rating-score": 4.3,
    "section-result-num-ratings": "(28)",
    "section-result-details": "Yamaha motorcycle dealer",
    "section-result-location": "Taft Business Center, Gorordo Ave",
    "section-result-description": "",
    "section-result-info": "Open until 6:00 pm",
    "section-result-info 2": "(032) 266 0728"
  },
  {
    "section-result-title": "GE MOTORCYCLE FOR SALE",
    "cards-rating-score": 3.2,
    "section-result-num-ratings": "(6)",
    "section-result-details": "Motorcycle dealer",
    "section-result-location": "F. Cabahug St",
    "section-result-description": "",
    "section-result-info": "Open until 6:00 pm",
    "section-result-info 2": "(032) 231 6492"
  },
  {
    "section-result-title": "Honda",
    "cards-rating-score": 3,
    "section-result-num-ratings": "(4)",
    "section-result-details": "Motorcycle dealer",
    "section-result-location": "122 M. Velez St",
    "section-result-description": "",
    "section-result-info": "Open until 6:00 pm",
    "section-result-info 2": "(032) 254 1715"
  },
  {
    "section-result-title": "Honda Motorista Guadalupe Branch",
    "cards-rating-score": 3.3,
    "section-result-num-ratings": "(3)",
    "section-result-details": "Motorcycle dealer",
    "section-result-location": "45 M. Velez St",
    "section-result-description": "",
    "section-result-info": "Open until 5:00 pm",
    "section-result-info 2": "(032) 415 4845"
  },
  {
    "section-result-title": "Motortrade",
    "cards-rating-score": 2.7,
    "section-result-num-ratings": "(27)",
    "section-result-details": "Motorcycle dealer",
    "section-result-location": "Cecilia Sy, 313-315 Osmeña Blvd",
    "section-result-description": "",
    "section-result-info": "Open until 6:00 pm",
    "section-result-info 2": "(032) 238 3840"
  },
  {
    "section-result-title": "Drei Bikes Trading",
    "cards-rating-score": 4.7,
    "section-result-num-ratings": "(24)",
    "section-result-details": "Motorcycle dealer",
    "section-result-location": "Ouano Avenue",
    "section-result-description": "",
    "section-result-info": "Opens at 1:00 pm",
    "section-result-info 2": "0932 885 8772"
  },
  {
    "section-result-title": "DES Strong Motors, Inc.",
    "cards-rating-score": 3.9,
    "section-result-num-ratings": "(13)",
    "section-result-details": "Motorcycle dealer",
    "section-result-location": "Katipunan Corner Salvador St",
    "section-result-description": "",
    "section-result-info": "Closing soon: 12:00 pm",
    "section-result-info 2": "(032) 414 4937"
  },
  {
    "section-result-title": "DES Strong Motors, Inc.",
    "cards-rating-score": 3.8,
    "section-result-num-ratings": "(4)",
    "section-result-details": "Motorcycle dealer",
    "section-result-location": "Maximo V. Patalinghug Jr. Avenue",
    "section-result-description": "",
    "section-result-info": "Closing soon: 12:00 pm",
    "section-result-info 2": "(032) 494 0476"
  },
  {
    "section-result-title": "Motortrade",
    "cards-rating-score": 3.1,
    "section-result-num-ratings": "(11)",
    "section-result-details": "Motorcycle dealer",
    "section-result-location": "Corner Mabini Lolon Street",
    "section-result-description": "Motorcycle products & parts",
    "section-result-info": "Open until 8:00 pm",
    "section-result-info 2": "(032) 238 3840"
  },
  {
    "section-result-title": "Yamaha",
    "cards-rating-score": 3.4,
    "section-result-num-ratings": "(12)",
    "section-result-details": "Motorcycle dealer",
    "section-result-location": "JEV Arcade, Colon St",
    "section-result-description": "Motorcycle products & parts",
    "section-result-info": "Open until 7:00 pm",
    "section-result-info 2": "(032) 256 1635"
  },
  {
    "section-result-title": "Yamaha",
    "cards-rating-score": 4.1,
    "section-result-num-ratings": "(63)",
    "section-result-details": "Yamaha motorcycle dealer",
    "section-result-location": "A. C. Cortes Ave",
    "section-result-description": "Motorcycle products & parts",
    "section-result-info": "Open until 6:00 pm",
    "section-result-info 2": "(032) 414 3771"
  },
  {
    "section-result-title": "Yamaha",
    "cards-rating-score": 3.8,
    "section-result-num-ratings": "(50)",
    "section-result-details": "Yamaha motorcycle dealer",
    "section-result-location": "S. Osmeña Street",
    "section-result-description": "Motorcycle products & parts",
    "section-result-info": "Open until 6:00 pm",
    "section-result-info 2": "(032) 495 2652"
  },
  {
    "section-result-title": "Kawasaki",
    "cards-rating-score": 5,
    "section-result-num-ratings": "(2)",
    "section-result-details": "Motorcycle dealer",
    "section-result-location": "GVR Building, A.C. Cortes Street",
    "section-result-description": "",
    "section-result-info": "Closing soon: 12:00 pm",
    "section-result-info 2": "(032) 346 2280"
  },
  {
    "section-result-title": "Yamaha DES Marketing Inc.",
    "cards-rating-score": 4.5,
    "section-result-num-ratings": "(22)",
    "section-result-details": "Yamaha motorcycle dealer",
    "section-result-location": "Co Tiao King Building, North Road Highway, Tabok, Mandaue City, 6014, Cebu",
    "section-result-description": "",
    "section-result-info": "",
    "section-result-info 2": "(032) 421 1461"
  },
  {
    "section-result-title": "Kawasaki Leisure Bikes Cebu",
    "cards-rating-score": 3.8,
    "section-result-num-ratings": "(12)",
    "section-result-details": "Motorcycle dealer",
    "section-result-location": "Ouano Avenue",
    "section-result-description": "Motorcycle products & parts",
    "section-result-info": "Open until 8:00 pm",
    "section-result-info 2": "0925 545 7727"
  },
  {
    "section-result-title": "Honda Philippines, Inc.",
    "cards-rating-score": 4.1,
    "section-result-num-ratings": "(144)",
    "section-result-details": "Motorcycle dealer",
    "section-result-location": "Salinas Dr",
    "section-result-description": "Motorcycle products & parts",
    "section-result-info": "Open until 6:00 pm",
    "section-result-info 2": "(032) 415 1263"
  },
  {
    "section-result-title": "Yamaha",
    "cards-rating-score": 4,
    "section-result-num-ratings": "(34)",
    "section-result-details": "Motorcycle dealer",
    "section-result-location": "Lopez Jaena St",
    "section-result-description": "Motorcycle products & parts",
    "section-result-info": "Open until 6:00 pm",
    "section-result-info 2": "(032) 520 1713"
  },
  {
    "section-result-title": "Honda Best Service Motor Corp",
    "cards-rating-score": 5,
    "section-result-num-ratings": "(2)",
    "section-result-details": "Motorcycle dealer",
    "section-result-location": "D&C Building, M. C. Briones St",
    "section-result-description": "",
    "section-result-info": "",
    "section-result-info 2": "(032) 343 7193"
  },
  {
    "section-result-title": "Wheeltek Motor Sales Corp. Fuente Branch",
    "cards-rating-score": 1.5,
    "section-result-num-ratings": "(12)",
    "section-result-details": "Motorcycle dealer",
    "section-result-location": "YMCA, Osmeña Blvd",
    "section-result-description": "",
    "section-result-info": "Open until 5:00 pm",
    "section-result-info 2": "0932 347 5788"
  },
  {
    "section-result-title": "Motortrade",
    "cards-rating-score": 3.5,
    "section-result-num-ratings": "(13)",
    "section-result-details": "Motorcycle dealer",
    "section-result-location": "G.Y. Dela Serna St",
    "section-result-description": "",
    "section-result-info": "Open until 5:00 pm",
    "section-result-info 2": "(032) 268 5059"
  },
  {
    "section-result-title": "GE MOTORCYCLE FOR SALE",
    "cards-rating-score": 3.2,
    "section-result-num-ratings": "(6)",
    "section-result-details": "Motorcycle dealer",
    "section-result-location": "F. Cabahug St",
    "section-result-description": "",
    "section-result-info": "Open until 6:00 pm",
    "section-result-info 2": "(032) 231 6492"
  },
  {
    "section-result-title": "Yamaha Gorordo",
    "cards-rating-score": 4.3,
    "section-result-num-ratings": "(28)",
    "section-result-details": "Yamaha motorcycle dealer",
    "section-result-location": "Taft Business Center, Gorordo Ave",
    "section-result-description": "",
    "section-result-info": "Open until 6:00 pm",
    "section-result-info 2": "(032) 266 0728"
  },
  {
    "section-result-title": "Honda",
    "cards-rating-score": 3,
    "section-result-num-ratings": "(4)",
    "section-result-details": "Motorcycle dealer",
    "section-result-location": "122 M. Velez St",
    "section-result-description": "",
    "section-result-info": "Open until 8:00 pm",
    "section-result-info 2": "(032) 254 1715"
  },
  {
    "section-result-title": "Honda Motorista Guadalupe Branch",
    "cards-rating-score": 3.3,
    "section-result-num-ratings": "(3)",
    "section-result-details": "Motorcycle dealer",
    "section-result-location": "45 M. Velez St",
    "section-result-description": "Watercraft & other motorized products",
    "section-result-info": "Open until 5:00 pm",
    "section-result-info 2": "(032) 415 4845"
  },
  {
    "section-result-title": "Motortrade",
    "cards-rating-score": 2.7,
    "section-result-num-ratings": "(27)",
    "section-result-details": "Motorcycle dealer",
    "section-result-location": "Cecilia Sy, 313-315 Osmeña Blvd",
    "section-result-description": "",
    "section-result-info": "Open until 6:00 pm",
    "section-result-info 2": "(032) 238 3840"
  },
  {
    "section-result-title": "Drei Bikes Trading",
    "cards-rating-score": 4.7,
    "section-result-num-ratings": "(24)",
    "section-result-details": "Motorcycle dealer",
    "section-result-location": "Ouano Avenue",
    "section-result-description": "",
    "section-result-info": "Opens at 1:00 pm",
    "section-result-info 2": "0932 885 8772"
  },
  {
    "section-result-title": "DES Strong Motors, Inc.",
    "cards-rating-score": 3.9,
    "section-result-num-ratings": "(13)",
    "section-result-details": "Motorcycle dealer",
    "section-result-location": "Katipunan Corner Salvador St",
    "section-result-description": "",
    "section-result-info": "Closing soon: 12:00 pm",
    "section-result-info 2": "(032) 414 4937"
  },
  {
    "section-result-title": "DES Strong Motors, Inc.",
    "cards-rating-score": 3.8,
    "section-result-num-ratings": "(4)",
    "section-result-details": "Motorcycle dealer",
    "section-result-location": "Maximo V. Patalinghug Jr. Avenue",
    "section-result-description": "",
    "section-result-info": "Closing soon: 12:00 pm",
    "section-result-info 2": "(032) 494 0476"
  },
  {
    "section-result-title": "Motortrade",
    "cards-rating-score": 3.1,
    "section-result-num-ratings": "(11)",
    "section-result-details": "Motorcycle dealer",
    "section-result-location": "Corner Mabini Lolon Street",
    "section-result-description": "Motorcycle products & parts",
    "section-result-info": "Closing soon: 12:00 pm",
    "section-result-info 2": "(032) 238 3840"
  },
  {
    "section-result-title": "Kawasaki Leisure Bikes Cebu",
    "cards-rating-score": 3.8,
    "section-result-num-ratings": "(12)",
    "section-result-details": "Motorcycle dealer",
    "section-result-location": "Ouano Avenue",
    "section-result-description": "Motorcycle products & parts",
    "section-result-info": "Open until 8:00 pm",
    "section-result-info 2": "0925 545 7727"
  },
  {
    "section-result-title": "Yamaha",
    "cards-rating-score": 3.8,
    "section-result-num-ratings": "(50)",
    "section-result-details": "Yamaha motorcycle dealer",
    "section-result-location": "S. Osmeña Street",
    "section-result-description": "Motorcycle products & parts",
    "section-result-info": "Open until 6:00 pm",
    "section-result-info 2": "(032) 495 2652"
  },
  {
    "section-result-title": "Kawasaki",
    "cards-rating-score": 5,
    "section-result-num-ratings": "(2)",
    "section-result-details": "Motorcycle dealer",
    "section-result-location": "GVR Building, A.C. Cortes Street",
    "section-result-description": "Motorcycle products & parts",
    "section-result-info": "Open until 6:00 pm",
    "section-result-info 2": "(032) 346 2280"
  },
  {
    "section-result-title": "Yamaha",
    "cards-rating-score": 4.1,
    "section-result-num-ratings": "(63)",
    "section-result-details": "Yamaha motorcycle dealer",
    "section-result-location": "A. C. Cortes Ave",
    "section-result-description": "Motorcycle products & parts",
    "section-result-info": "Open until 6:00 pm",
    "section-result-info 2": "(032) 414 3771"
  },
  {
    "section-result-title": "Yamaha DES Marketing Inc.",
    "cards-rating-score": 4.5,
    "section-result-num-ratings": "(22)",
    "section-result-details": "Yamaha motorcycle dealer",
    "section-result-location": "Co Tiao King Building, North Road Highway, Tabok, Mandaue City, 6014, Cebu",
    "section-result-description": "",
    "section-result-info": "Open until 5:30 pm",
    "section-result-info 2": "(032) 421 1461"
  },
  {
    "section-result-title": "Transcycle",
    "cards-rating-score": 5,
    "section-result-num-ratings": "(1)",
    "section-result-details": "Motorcycle dealer",
    "section-result-location": "Quezon National Ave",
    "section-result-description": "Company selling famed motorcycles",
    "section-result-info": "Open until 6:00 pm",
    "section-result-info 2": "(032) 266 2845"
  },
  {
    "section-result-title": "Vismotor Corporation",
    "cards-rating-score": 3,
    "section-result-num-ratings": "(5)",
    "section-result-details": "Motorcycle dealer",
    "section-result-location": "Using Bldg, M.L. Quezon National Highway",
    "section-result-description": "Motorcycle products & parts",
    "section-result-info": "Open until 6:00 pm",
    "section-result-info 2": "(032) 494 3958"
  },
  {
    "section-result-title": "Yamaha mambaling c.c",
    "cards-rating-score": 4,
    "section-result-num-ratings": "(35)",
    "section-result-details": "Yamaha motorcycle dealer",
    "section-result-location": "1024 Natalio B. Bacalso Ave",
    "section-result-description": "Motorcycle products & parts",
    "section-result-info": "Open until 6:00 pm",
    "section-result-info 2": "(032) 414 1288"
  },
  {
    "section-result-title": "Yamaha By BLIP MOTORS INC",
    "cards-rating-score": 5,
    "section-result-num-ratings": "(2)",
    "section-result-details": "Yamaha motorcycle dealer",
    "section-result-location": "Marciano Quizon",
    "section-result-description": "",
    "section-result-info": "(032) 343 7193",
    "section-result-info 2": ""
  },
  {
    "section-result-title": "Premio",
    "cards-rating-score": 3.8,
    "section-result-num-ratings": "(17)",
    "section-result-details": "Motorcycle dealer",
    "section-result-location": "Highway",
    "section-result-description": "",
    "section-result-info": "Open until 5:00 pm",
    "section-result-info 2": "(032) 260 6966"
  },
  {
    "section-result-title": "Motortrade Mandaue 3",
    "cards-rating-score": 3.4,
    "section-result-num-ratings": "(15)",
    "section-result-details": "Motorcycle dealer",
    "section-result-location": "",
    "section-result-description": "",
    "section-result-info": "Open until 5:30 pm",
    "section-result-info 2": "(032) 268 5059"
  },
  {
    "section-result-title": "Des Marketing, Inc.",
    "cards-rating-score": 2,
    "section-result-num-ratings": "(4)",
    "section-result-details": "Motorcycle dealer",
    "section-result-location": "S. Osmeña Street",
    "section-result-description": "",
    "section-result-info": "Open until 6:00 pm",
    "section-result-info 2": "(032) 340 8338"
  },
  {
    "section-result-title": "Jerry Tero Motorcycle Sales",
    "cards-rating-score": 1,
    "section-result-num-ratings": "(1)",
    "section-result-details": "Motorcycle dealer",
    "section-result-location": "Suba Masulog",
    "section-result-description": "",
    "section-result-info": "Open until 6:00 pm",
    "section-result-info 2": "0943 356 1790"
  },
  {
    "section-result-title": "KTM Cebu",
    "cards-rating-score": 4,
    "section-result-num-ratings": "(41)",
    "section-result-details": "Motorcycle dealer",
    "section-result-location": "Ouano Avenue",
    "section-result-description": "",
    "section-result-info": "Open until 8:00 pm",
    "section-result-info 2": "0917 651 0238"
  },
  {
    "section-result-title": "Yamaha 3S Shop - Guadalupe (Unique Motor Center - Cebu City)",
    "cards-rating-score": 4.1,
    "section-result-num-ratings": "(24)",
    "section-result-details": "Yamaha motorcycle dealer",
    "section-result-location": "968 V Rama Ave",
    "section-result-description": "Watercraft & other motorized products",
    "section-result-info": "Closing soon: 12:00 pm",
    "section-result-info 2": "0933 862 5970"
  },
  {
    "section-result-title": "Kawasaki Gud Moto Trading Inc.",
    "cards-rating-score": 4.2,
    "section-result-num-ratings": "(22)",
    "section-result-details": "Kawasaki motorcycle dealer",
    "section-result-location": "P. Del Rosario St.",
    "section-result-description": "",
    "section-result-info": "Open until 7:00 pm",
    "section-result-info 2": "(032) 401 2894"
  },
  {
    "section-result-title": "Yamaha",
    "cards-rating-score": 3.4,
    "section-result-num-ratings": "(12)",
    "section-result-details": "Motorcycle dealer",
    "section-result-location": "JEV Arcade, Colon St",
    "section-result-description": "Motorcycle products & parts",
    "section-result-info": "Open until 7:00 pm",
    "section-result-info 2": "(032) 256 1635"
  },
  {
    "section-result-title": "Yamaha 3S Shop",
    "cards-rating-score": 3.5,
    "section-result-num-ratings": "(17)",
    "section-result-details": "Motorcycle dealer",
    "section-result-location": "Taft Property Ventures Building, Gorordo Avenue, Lahug, Barangay Kamputhaw, Cebu City, 6000",
    "section-result-description": "Watercraft & other motorized products",
    "section-result-info": "Open until 6:00 pm",
    "section-result-info 2": "(032) 266 0728"
  },
  {
    "section-result-title": "Headway Motorcycle Hub",
    "cards-rating-score": 4.2,
    "section-result-num-ratings": "(21)",
    "section-result-details": "Motorcycle dealer",
    "section-result-location": "M.L. Quezon National Highway",
    "section-result-description": "",
    "section-result-info": "(032) 494 0476",
    "section-result-info 2": "Closing soon: 12:00 pm"
  },
  {
    "section-result-title": "Giant Moto Pro",
    "cards-rating-score": 4.2,
    "section-result-num-ratings": "(13)",
    "section-result-details": "Motorcycle dealer",
    "section-result-location": "Sangi",
    "section-result-description": "Motorcycle products & parts",
    "section-result-info": "Closing soon: 12:00 pm",
    "section-result-info 2": "(032) 564 9708"
  },
  {
    "section-result-title": "Wheeltek Motor Sales Corp. - Guadalupe Branch",
    "cards-rating-score": 4.3,
    "section-result-num-ratings": "(8)",
    "section-result-details": "Motorcycle dealer",
    "section-result-location": "646D, Kimtons, V Rama Ave",
    "section-result-description": "Motorcycle products & parts",
    "section-result-info": "Open until 8:00 pm",
    "section-result-info 2": "0943 253 1053"
  },
  {
    "section-result-title": "Wheeltek",
    "cards-rating-score": 5,
    "section-result-num-ratings": "(1)",
    "section-result-details": "Motorcycle dealer",
    "section-result-location": "Osmeña Blvd",
    "section-result-description": "Motorcycle products & parts",
    "section-result-info": "Open until 6:00 pm",
    "section-result-info 2": "0943 622 1430"
  },
  {
    "section-result-title": "Wheeltek Motor Sales Corporation",
    "cards-rating-score": 2.8,
    "section-result-num-ratings": "(10)",
    "section-result-details": "Motorcycle dealer",
    "section-result-location": "MGA Bldg., A. C. Cortes Ave",
    "section-result-description": "Motorcycle products & parts",
    "section-result-info": "Open until 6:00 pm",
    "section-result-info 2": "(032) 239 8481"
  },
  {
    "section-result-title": "Harley-Davidson Cebu",
    "cards-rating-score": 4.5,
    "section-result-num-ratings": "(79)",
    "section-result-details": "Motorcycle dealer",
    "section-result-location": "A. S. Fortuna St",
    "section-result-description": "Company selling famed motorcycles",
    "section-result-info": "Open until 6:00 pm",
    "section-result-info 2": "(032) 342 7539"
  },
  {
    "section-result-title": "Yamaha",
    "cards-rating-score": 5,
    "section-result-num-ratings": "(1)",
    "section-result-details": "Yamaha motorcycle dealer",
    "section-result-location": "Sacred Heart Rd",
    "section-result-description": "",
    "section-result-info": "Closing soon: 12:00 pm",
    "section-result-info 2": "(032) 421 1461"
  },
  {
    "section-result-title": "Wheeltek",
    "cards-rating-score": 4.3,
    "section-result-num-ratings": "(4)",
    "section-result-details": "Motorcycle dealer",
    "section-result-location": "Tungkop Rd",
    "section-result-description": "Company selling famed motorcycles",
    "section-result-info": "Open until 6:00 pm",
    "section-result-info 2": "(032) 490 7057"
  },
  {
    "section-result-title": "Honda BigBike Showroom",
    "cards-rating-score": 3.9,
    "section-result-num-ratings": "(15)",
    "section-result-details": "Motorcycle dealer",
    "section-result-location": "",
    "section-result-description": "Motorcycle products & parts",
    "section-result-info": "Open until 6:00 pm",
    "section-result-info 2": "(032) 415 1263"
  },
  {
    "section-result-title": "Motortrade",
    "cards-rating-score": 4,
    "section-result-num-ratings": "(35)",
    "section-result-details": "Motorcycle dealer",
    "section-result-location": "Francisco Llamas St",
    "section-result-description": "Motorcycle products & parts",
    "section-result-info": "Open until 5:30 pm",
    "section-result-info 2": "0933 811 6539"
  },
  {
    "section-result-title": "Kawasaki",
    "cards-rating-score": 3.4,
    "section-result-num-ratings": "(5)",
    "section-result-details": "Motorcycle dealer",
    "section-result-location": "Hernan Cortes St",
    "section-result-description": "",
    "section-result-info": "(032) 343 7193",
    "section-result-info 2": ""
  },
  {
    "section-result-title": "Ayala Motor Sales",
    "cards-rating-score": 3.8,
    "section-result-num-ratings": "(17)",
    "section-result-details": "Used motorcycle dealer",
    "section-result-location": "F. Cabahug St",
    "section-result-description": "",
    "section-result-info": "Open until 5:00 pm",
    "section-result-info 2": "(032) 345 1479"
  },
  {
    "section-result-title": "Suzuki Motorcyle",
    "cards-rating-score": 2.7,
    "section-result-num-ratings": "(3)",
    "section-result-details": "Motorcycle dealer",
    "section-result-location": "A. C. Cortes Ave",
    "section-result-description": "",
    "section-result-info": "Open until 5:30 pm",
    "section-result-info 2": "(032) 268 5059"
  },
  {
    "section-result-title": "Ram Cycles",
    "cards-rating-score": 2,
    "section-result-num-ratings": "(4)",
    "section-result-details": "Motorcycle dealer",
    "section-result-location": "North Road",
    "section-result-description": "",
    "section-result-info": "Open until 6:00 pm",
    "section-result-info 2": "(032) 422 9369"
  },
  {
    "section-result-title": "Motortrade",
    "cards-rating-score": 3.4,
    "section-result-num-ratings": "(20)",
    "section-result-details": "Motorcycle dealer",
    "section-result-location": "A. C. Cortes Ave",
    "section-result-description": "",
    "section-result-info": "Open until 6:00 pm",
    "section-result-info 2": "0925 805 6086"
  },
  {
    "section-result-title": "MotorcycleCity Mandaue",
    "cards-rating-score": 4.5,
    "section-result-num-ratings": "(41)",
    "section-result-details": "Motorcycle dealer",
    "section-result-location": "MotorcycleCity, 818 Lopez Jaena St",
    "section-result-description": "",
    "section-result-info": "Open until 8:00 pm",
    "section-result-info 2": "0977 843 6027"
  },
  {
    "section-result-title": "Yamaha",
    "cards-rating-score": 4.1,
    "section-result-num-ratings": "(24)",
    "section-result-details": "Yamaha motorcycle dealer",
    "section-result-location": "Street Ave, V Rama Ave",
    "section-result-description": "Motorcycle products & parts",
    "section-result-info": "0933 862 5970",
    "section-result-info 2": "Closing soon: 12:00 pm"
  },
  {
    "section-result-title": "Gud Moto Trading Inc.",
    "cards-rating-score": 3.6,
    "section-result-num-ratings": "(5)",
    "section-result-details": "Motorcycle dealer",
    "section-result-location": "Sangi",
    "section-result-description": "",
    "section-result-info": "Open until 7:00 pm",
    "section-result-info 2": "(032) 490 0288"
  },
  {
    "section-result-title": "yamaha",
    "cards-rating-score": 4.5,
    "section-result-num-ratings": "(39)",
    "section-result-details": "Yamaha motorcycle dealer",
    "section-result-location": "",
    "section-result-description": "Motorcycle products & parts",
    "section-result-info": "Open until 5:30 pm",
    "section-result-info 2": "0921 816 2599"
  },
  {
    "section-result-title": "Metro Motorbikes Corporation",
    "cards-rating-score": 3.8,
    "section-result-num-ratings": "(5)",
    "section-result-details": "Motorcycle dealer",
    "section-result-location": "Joetilde Building, Northroad",
    "section-result-description": "Watercraft & other motorized products",
    "section-result-info": "Open until 6:00 pm",
    "section-result-info 2": "(032) 420 3637"
  },
  {
    "section-result-title": "Motor Save",
    "cards-rating-score": 3.5,
    "section-result-num-ratings": "(2)",
    "section-result-details": "Motorcycle dealer",
    "section-result-location": "Cebu S Rd",
    "section-result-description": "",
    "section-result-info": "(032) 494 0476",
    "section-result-info 2": "Closing soon: 12:00 pm"
  },
  {
    "section-result-title": "BMW Motorad",
    "cards-rating-score": 4.2,
    "section-result-num-ratings": "(5)",
    "section-result-details": "Motorcycle dealer",
    "section-result-location": "Ouano Avenue",
    "section-result-description": "Motorcycle products & parts",
    "section-result-info": "(032) 564 9708",
    "section-result-info 2": "Closing soon: 12:00 pm"
  },
  {
    "section-result-title": "Yamaha Tabok",
    "cards-rating-score": 4.4,
    "section-result-num-ratings": "(30)",
    "section-result-details": "Yamaha motorcycle dealer",
    "section-result-location": "Cebu North Road, Central Nautical Hwy",
    "section-result-description": "Motorcycle products & parts",
    "section-result-info": "Open until 8:00 pm",
    "section-result-info 2": "(032) 421 1461"
  },
  {
    "section-result-title": "Yamaha RevZone - DES Marketing",
    "cards-rating-score": 3.6,
    "section-result-num-ratings": "(71)",
    "section-result-details": "Motorcycle dealer",
    "section-result-location": "",
    "section-result-description": "Motorcycle products & parts",
    "section-result-info": "Closing soon: 12:00 pm",
    "section-result-info 2": "(032) 412 0429"
  },
  {
    "section-result-title": "DES Strong Motors, Inc.",
    "cards-rating-score": 3.9,
    "section-result-num-ratings": "(10)",
    "section-result-details": "Motorcycle dealer",
    "section-result-location": "Talamban Highway",
    "section-result-description": "Motorcycle products & parts",
    "section-result-info": "Closing soon: 12:00 pm",
    "section-result-info 2": "(032) 412 0384"
  },
  {
    "section-result-title": "SYM",
    "cards-rating-score": 5,
    "section-result-num-ratings": "(7)",
    "section-result-details": "Motorcycle dealer",
    "section-result-location": "Rosmec Bldg, A.C Cortes St",
    "section-result-description": "Company selling famed motorcycles",
    "section-result-info": "Open until 6:00 pm",
    "section-result-info 2": "(032) 268 7075"
  },
  {
    "section-result-title": "Ramcycles Motor Cycle Dealer",
    "cards-rating-score": 5,
    "section-result-num-ratings": "(1)",
    "section-result-details": "Motorcycle dealer",
    "section-result-location": "San Isidro Road",
    "section-result-description": "",
    "section-result-info": "Closing soon: 12:00 pm",
    "section-result-info 2": "0922 894 6275"
  },
  {
    "section-result-title": "Wrenleys Motor Plaza",
    "cards-rating-score": 4.3,
    "section-result-num-ratings": "(4)",
    "section-result-details": "Motorcycle dealer",
    "section-result-location": "Mananga 1",
    "section-result-description": "Company selling famed motorcycles",
    "section-result-info": "Open until 6:00 pm",
    "section-result-info 2": "(032) 272 9990"
  },
  {
    "section-result-title": "Bykelink Motor, Inc.",
    "cards-rating-score": 3.9,
    "section-result-num-ratings": "(15)",
    "section-result-details": "Motorcycle dealer",
    "section-result-location": "673 V Rama Ave",
    "section-result-description": "Motorcycle products & parts",
    "section-result-info": "(032) 415 1263",
    "section-result-info 2": "Open until 6:00 pm"
  },
  {
    "section-result-title": "Megavia Motor Company, Inc.",
    "cards-rating-score": 2.3,
    "section-result-num-ratings": "(3)",
    "section-result-details": "Motorcycle dealer",
    "section-result-location": "Taft Property Ventures Bldg, Gorordo Ave",
    "section-result-description": "Motorcycle products & parts",
    "section-result-info": "Open until 5:30 pm",
    "section-result-info 2": "0927 707 7497"
  },
  {
    "section-result-title": "GUD Moto Trading Inc.Mandaue Branch",
    "cards-rating-score": 3.8,
    "section-result-num-ratings": "(26)",
    "section-result-details": "Motorcycle dealer",
    "section-result-location": "Seniedo Building, A. C. Cortes Ave",
    "section-result-description": "",
    "section-result-info": "",
    "section-result-info 2": "(032) 328 3851"
  },
  {
    "section-result-title": "Sunriser Wonderbike",
    "cards-rating-score": 3.8,
    "section-result-num-ratings": "(17)",
    "section-result-details": "Motorcycle dealer",
    "section-result-location": "NDI Comml Complex, A.S.Fortuna",
    "section-result-description": "",
    "section-result-info": "Open until 5:00 pm",
    "section-result-info 2": "(032) 414 4984"
  },
  {
    "section-result-title": "WHEELTEK LAPU LAPU",
    "cards-rating-score": 3.6,
    "section-result-num-ratings": "(10)",
    "section-result-details": "Motorcycle dealer",
    "section-result-location": "94 S. Osmeña Street",
    "section-result-description": "",
    "section-result-info": "Open until 4:00 pm",
    "section-result-info 2": "0933 651 1765"
  },
  {
    "section-result-title": "TransCycle",
    "cards-rating-score": 5,
    "section-result-num-ratings": "(1)",
    "section-result-details": "Motorcycle dealer",
    "section-result-location": "M.L. Qquezon,National Highway",
    "section-result-description": "",
    "section-result-info": "Open until 6:00 pm",
    "section-result-info 2": "0915 514 5717"
  },
  {
    "section-result-title": "DES Strong Motors, Inc.",
    "cards-rating-score": 4.2,
    "section-result-num-ratings": "(30)",
    "section-result-details": "Motorcycle dealer",
    "section-result-location": "M. C. Highway, M. C. Briones St",
    "section-result-description": "",
    "section-result-info": "Open until 6:00 pm",
    "section-result-info 2": "(032) 420 6283 ext. 4206214"
  },
  {
    "section-result-title": "BK motorparts",
    "cards-rating-score": 5,
    "section-result-num-ratings": "(2)",
    "section-result-details": "Motorcycle dealer",
    "section-result-location": "",
    "section-result-description": "",
    "section-result-info": "Open until 8:00 pm",
    "section-result-info 2": "0977 843 6027"
  },
  {
    "section-result-title": "Skygo International Motorcycles",
    "cards-rating-score": 5,
    "section-result-num-ratings": "(1)",
    "section-result-details": "Motorcycle dealer",
    "section-result-location": "250 Katipunan St",
    "section-result-description": "Motorcycle products & parts",
    "section-result-info": "Closing soon: 12:00 pm",
    "section-result-info 2": "(032) 414 5004"
  },
  {
    "section-result-title": "Giant",
    "cards-rating-score": 3.6,
    "section-result-num-ratings": "(5)",
    "section-result-details": "Motorcycle dealer",
    "section-result-location": "Labra St",
    "section-result-description": "",
    "section-result-info": "Open until 7:00 pm",
    "section-result-info 2": "(032) 272 1687"
  },
  {
    "section-result-title": "SYM",
    "cards-rating-score": 4,
    "section-result-num-ratings": "(1)",
    "section-result-details": "Motorcycle dealer",
    "section-result-location": "Corner Gy. Dela Cerna & Humay Humay St",
    "section-result-description": "Motorcycle products & parts",
    "section-result-info": "Open until 5:30 pm",
    "section-result-info 2": "(032) 268 9767"
  },
  {
    "section-result-title": "Metro Motorbikes Corporation",
    "cards-rating-score": 3.8,
    "section-result-num-ratings": "(5)",
    "section-result-details": "Motorcycle dealer",
    "section-result-location": "Manangsa St",
    "section-result-description": "Watercraft & other motorized products",
    "section-result-info": "Open until 6:00 pm",
    "section-result-info 2": "(032) 491 7005"
  },
  {
    "section-result-title": "Norkis 5r Services, Inc",
    "cards-rating-score": 3.5,
    "section-result-num-ratings": "(2)",
    "section-result-details": "Motorcycle dealer",
    "section-result-location": "M. L. Quezon Ave",
    "section-result-description": "",
    "section-result-info": "Closing soon: 12:00 pm",
    "section-result-info 2": "(032) 328 0831"
  },
  {
    "section-result-title": "Sunriser Wonderbike Mandaue",
    "cards-rating-score": 4.2,
    "section-result-num-ratings": "(5)",
    "section-result-details": "Motorcycle dealer",
    "section-result-location": "A. S. Fortuna St",
    "section-result-description": "Motorcycle products & parts",
    "section-result-info": "Open until 5:00 pm",
    "section-result-info 2": "(032) 564 9708"
  },
  {
    "section-result-title": "E Eversure Eversure Maxim, Inc.",
    "cards-rating-score": 4.3,
    "section-result-num-ratings": "(3)",
    "section-result-details": "Motorcycle dealer",
    "section-result-location": "Sitio Iba",
    "section-result-description": "Motorcycle products & parts",
    "section-result-info": "Open until 8:00 pm",
    "section-result-info 2": "(032) 494 2997"
  },
  {
    "section-result-title": "PowerCycle",
    "cards-rating-score": 3.6,
    "section-result-num-ratings": "(71)",
    "section-result-details": "Motorcycle dealer",
    "section-result-location": "220 Natalio B. Bacalso Ave",
    "section-result-description": "Motorcycle products & parts",
    "section-result-info": "Open until 5:30 pm",
    "section-result-info 2": "0997 402 1485"
  },
  {
    "section-result-title": "Richie Rider",
    "cards-rating-score": 3.9,
    "section-result-num-ratings": "(10)",
    "section-result-details": "Used motorcycle dealer",
    "section-result-location": "",
    "section-result-description": "Motorcycle products & parts",
    "section-result-info": "Closing soon: 12:00 pm",
    "section-result-info 2": "0999 544 9184"
  },
  {
    "section-result-title": "Royal Enfield Cebu",
    "cards-rating-score": 3,
    "section-result-num-ratings": "(4)",
    "section-result-details": "Motorcycle dealer",
    "section-result-location": "Unit 118, Prime Business Hub and Residences, Lopez Jaena St",
    "section-result-description": "Company selling famed motorcycles",
    "section-result-info": "Open until 6:00 pm",
    "section-result-info 2": "(032) 273 0624"
  },
  {
    "section-result-title": "Kawasaki Regional Office - Cebu",
    "cards-rating-score": 4,
    "section-result-num-ratings": "(31)",
    "section-result-details": "Kawasaki motorcycle dealer",
    "section-result-location": "1B-2B, BF. Center Point, Hernan Cortes St",
    "section-result-description": "",
    "section-result-info": "Open until 5:45 pm",
    "section-result-info 2": "(032) 344 6081"
  },
  {
    "section-result-title": "TransCycle",
    "cards-rating-score": 5,
    "section-result-num-ratings": "(2)",
    "section-result-details": "Motorcycle dealer",
    "section-result-location": "La Fuerza Compound, Lopez Jaena St",
    "section-result-description": "Company selling famed motorcycles",
    "section-result-info": "Open until 6:00 pm",
    "section-result-info 2": "0906 400 7712"
  },
  {
    "section-result-title": "Suzuki 3S",
    "cards-rating-score": 3,
    "section-result-num-ratings": "(1)",
    "section-result-details": "Motorcycle dealer",
    "section-result-location": "",
    "section-result-description": "Motorcycle products & parts",
    "section-result-info": "(032) 415 1263",
    "section-result-info 2": "Open until 6:00 pm"
  },
  {
    "section-result-title": "Des Marketing, Inc.",
    "cards-rating-score": 4,
    "section-result-num-ratings": "(8)",
    "section-result-details": "Motorcycle dealer",
    "section-result-location": "Unica Royalle, 1493-A Waro 2",
    "section-result-description": "Motorcycle products & parts",
    "section-result-info": "Open until 5:30 pm",
    "section-result-info 2": "(032) 490 0090"
  },
  {
    "section-result-title": "ASPS Motor Sales",
    "cards-rating-score": 5,
    "section-result-num-ratings": "(2)",
    "section-result-details": "Used motorcycle dealer",
    "section-result-location": "Cebu South Coastal Rd",
    "section-result-description": "",
    "section-result-info": "",
    "section-result-info 2": "(032) 462 1526"
  },
  {
    "section-result-title": "Haojue",
    "cards-rating-score": 5,
    "section-result-num-ratings": "(1)",
    "section-result-details": "Motorcycle dealer",
    "section-result-location": "A. S. Fortuna St",
    "section-result-description": "",
    "section-result-info": "Open until 5:00 pm",
    "section-result-info 2": "(032) 346 1855"
  },
  {
    "section-result-title": "SMCT Group Of Companies",
    "cards-rating-score": 3.6,
    "section-result-num-ratings": "(10)",
    "section-result-details": "Motorcycle dealer",
    "section-result-location": "M V. Patalinghug Jr Ave",
    "section-result-description": "",
    "section-result-info": "Open until 4:00 pm",
    "section-result-info 2": "(032) 494 0476"
  },
  {
    "section-result-title": "Des Marketing, Inc",
    "cards-rating-score": 1.8,
    "section-result-num-ratings": "(12)",
    "section-result-details": "Motorcycle dealer",
    "section-result-location": "BF Mactan Strip, Quezon National Hwy, Cor Mv Patalinghog Ave",
    "section-result-description": "",
    "section-result-info": "Open until 6:00 pm",
    "section-result-info 2": "(032) 495 2885"
  },
  {
    "section-result-title": "Vismotor Corporation",
    "cards-rating-score": 4.3,
    "section-result-num-ratings": "(6)",
    "section-result-details": "Motorcycle dealer",
    "section-result-location": "A.C. Cortes St.",
    "section-result-description": "",
    "section-result-info": "Open until 6:00 pm",
    "section-result-info 2": "(032) 414 3176"
  },
  {
    "section-result-title": "Mitsukoshi",
    "cards-rating-score": 3,
    "section-result-num-ratings": "(4)",
    "section-result-details": "Motorcycle dealer",
    "section-result-location": "Upper Tulay",
    "section-result-description": "",
    "section-result-info": "Open until 8:00 pm",
    "section-result-info 2": "0917 837 2563"
  },
  {
    "section-result-title": "Legend Motorcycles Distributor",
    "cards-rating-score": 5,
    "section-result-num-ratings": "(1)",
    "section-result-details": "Motorcycle dealer",
    "section-result-location": "12 Vicente Gullas St",
    "section-result-description": "Motorcycle products & parts",
    "section-result-info": "Open until 6:00 pm",
    "section-result-info 2": "(032) 412 1421"
  },
  {
    "section-result-title": "Motor Ace",
    "cards-rating-score": 3,
    "section-result-num-ratings": "(2)",
    "section-result-details": "Motorcycle dealer",
    "section-result-location": "Ompad Corner Lopez Jaena St",
    "section-result-description": "",
    "section-result-info": "Open until 7:00 pm",
    "section-result-info 2": "(032) 495 1334"
  },
  {
    "section-result-title": "Motorstar",
    "cards-rating-score": 2.7,
    "section-result-num-ratings": "(10)",
    "section-result-details": "Motorcycle dealer",
    "section-result-location": "M. Velez St",
    "section-result-description": "Motorcycle products & parts",
    "section-result-info": "Open until 5:00 pm",
    "section-result-info 2": "0922 995 2948"
  },
  {
    "section-result-title": "MOTOLOGY for KTM, ROYAL ENFIELD, TRIUMPH, HUSQVARNA",
    "cards-rating-score": 3.9,
    "section-result-num-ratings": "(9)",
    "section-result-details": "Motorcycle dealer",
    "section-result-location": "",
    "section-result-description": "Watercraft & other motorized products",
    "section-result-info": "Open until 5:00 pm",
    "section-result-info 2": "0917 713 8995"
  },
  {
    "section-result-title": "Emcor Kawasaki",
    "cards-rating-score": 3.5,
    "section-result-num-ratings": "(2)",
    "section-result-details": "Motorcycle dealer",
    "section-result-location": "Blok B, Marina Mall, Mactan",
    "section-result-description": "",
    "section-result-info": "Closing soon: 12:00 pm",
    "section-result-info 2": "(032) 340 1321"
  },
  {
    "section-result-title": "Rusi",
    "cards-rating-score": 4,
    "section-result-num-ratings": "(1)",
    "section-result-details": "Motorcycle dealer",
    "section-result-location": "Natalio B. Bacalso Ave",
    "section-result-description": "Motorcycle products & parts",
    "section-result-info": "Open until 5:00 pm",
    "section-result-info 2": "0917 311 3124"
  },
  {
    "section-result-title": "Skygo Marketing Corporation",
    "cards-rating-score": 4.3,
    "section-result-num-ratings": "(4)",
    "section-result-details": "Motorcycle dealer",
    "section-result-location": "Basak-Marigondon Rd",
    "section-result-description": "Motorcycle products & parts",
    "section-result-info": "(032) 494 2997",
    "section-result-info 2": "Open until 8:00 pm"
  },
  {
    "section-result-title": "Yamaha Showroom",
    "cards-rating-score": 4,
    "section-result-num-ratings": "(3)",
    "section-result-details": "Motorcycle dealer",
    "section-result-location": "Upper Linao",
    "section-result-description": "Motorcycle products & parts",
    "section-result-info": "Open until 5:00 pm",
    "section-result-info 2": "0997 402 1485"
  },
  {
    "section-result-title": "Ropali Bulacao Pardo",
    "cards-rating-score": 4.4,
    "section-result-num-ratings": "(5)",
    "section-result-details": "Motorcycle dealer",
    "section-result-location": "Tolentino Bldg, N. Bacalso Street",
    "section-result-description": "Motorcycle products & parts",
    "section-result-info": "Open until 6:00 pm",
    "section-result-info 2": "0999 544 9184"
  },
  {
    "section-result-title": "DES Marketing, Inc.",
    "cards-rating-score": 3.9,
    "section-result-num-ratings": "(14)",
    "section-result-details": "Motorcycle dealer",
    "section-result-location": "Rizal",
    "section-result-description": "Company selling famed motorcycles",
    "section-result-info": "Open until 5:25 pm",
    "section-result-info 2": "(032) 420 4554"
  },
  {
    "section-result-title": "Mark & Brent Car and Motorcycle Display Center",
    "cards-rating-score": 4,
    "section-result-num-ratings": "(31)",
    "section-result-details": "Car dealer",
    "section-result-location": "N Bacalso National Highway",
    "section-result-description": "",
    "section-result-info": "Open until 5:45 pm",
    "section-result-info 2": "0942 426 5977"
  },
  {
    "section-result-title": "Rusi",
    "cards-rating-score": 5,
    "section-result-num-ratings": "(2)",
    "section-result-details": "Motorcycle dealer",
    "section-result-location": "Maximo V. Patalinghug Jr. Ave.",
    "section-result-description": "Company selling famed motorcycles",
    "section-result-info": "Open until 6:00 pm",
    "section-result-info 2": "0922 801 6628"
  },
  {
    "section-result-title": "Yamaha 3S",
    "cards-rating-score": 4.7,
    "section-result-num-ratings": "(11)",
    "section-result-details": "Motorcycle dealer",
    "section-result-location": "Natalio B. Bacalso Ave",
    "section-result-description": "Motorcycle products & parts",
    "section-result-info": "(032) 415 1263",
    "section-result-info 2": "Open until 6:00 pm"
  },
  {
    "section-result-title": "Suzuki Motors",
    "cards-rating-score": 4.8,
    "section-result-num-ratings": "(5)",
    "section-result-details": "Suzuki motorcycle dealer",
    "section-result-location": "Emilio Aguirre St",
    "section-result-description": "Motorcycle products & parts",
    "section-result-info": "(032) 490 0090",
    "section-result-info 2": "Open until 5:30 pm"
  },
  {
    "section-result-title": "RUSI",
    "cards-rating-score": 3.9,
    "section-result-num-ratings": "(29)",
    "section-result-details": "Motorcycle dealer",
    "section-result-location": "",
    "section-result-description": "",
    "section-result-info": "Open until 5:30 pm",
    "section-result-info 2": "0997 088 8950"
  },
  {
    "section-result-title": "YAMAHA - Tabunok",
    "cards-rating-score": 5,
    "section-result-num-ratings": "(1)",
    "section-result-details": "Motorcycle dealer",
    "section-result-location": "San Isidro Road",
    "section-result-description": "Motorcycle products & parts",
    "section-result-info": "(032) 346 1855",
    "section-result-info 2": "Open until 5:00 pm"
  },
  {
    "section-result-title": "DES Marketing Inc.",
    "cards-rating-score": 5,
    "section-result-num-ratings": "(1)",
    "section-result-details": "Motorcycle dealer",
    "section-result-location": "85 Borromeo Street",
    "section-result-description": "",
    "section-result-info": "Open until 6:00 pm",
    "section-result-info 2": "0998 549 3551"
  },
  {
    "section-result-title": "DES Strong Motors, Inc.",
    "cards-rating-score": 5,
    "section-result-num-ratings": "(1)",
    "section-result-details": "Motorcycle dealer",
    "section-result-location": "Central Nautical Hwy",
    "section-result-description": "",
    "section-result-info": "Closing soon: 12:00 pm",
    "section-result-info 2": "(032) 414 7447"
  },
  {
    "section-result-title": "AKD Motors",
    "cards-rating-score": 4.3,
    "section-result-num-ratings": "(6)",
    "section-result-details": "Used motorcycle dealer",
    "section-result-location": "Zone 3 San Isidro Street",
    "section-result-description": "",
    "section-result-info": "Open until 6:00 pm",
    "section-result-info 2": "0999 747 7744"
  },
  {
    "section-result-title": "Motoposh Motorcycle",
    "cards-rating-score": 5,
    "section-result-num-ratings": "(3)",
    "section-result-details": "Motorcycle dealer",
    "section-result-location": "SLT Centre Building, ML Briones St",
    "section-result-description": "",
    "section-result-info": "Open until 8:00 pm",
    "section-result-info 2": "(032) 420 5889"
  },
  {
    "section-result-title": "Cherched Motorcycle City",
    "cards-rating-score": 5,
    "section-result-num-ratings": "(2)",
    "section-result-details": "Motorcycle dealer",
    "section-result-location": "P. Cui St",
    "section-result-description": "Motorcycle products & parts",
    "section-result-info": "Open until 6:00 pm",
    "section-result-info 2": "0922 802 6711"
  },
  {
    "section-result-title": "Deon Motortrader",
    "cards-rating-score": 4,
    "section-result-num-ratings": "(2)",
    "section-result-details": "Motorcycle dealer",
    "section-result-location": "358 Sanciangko St",
    "section-result-description": "",
    "section-result-info": "Open until 7:00 pm",
    "section-result-info 2": "0933 110 2058"
  },
  {
    "section-result-title": "Skygo",
    "cards-rating-score": 2.7,
    "section-result-num-ratings": "(10)",
    "section-result-details": "Motorcycle dealer",
    "section-result-location": "",
    "section-result-description": "Motorcycle products & parts",
    "section-result-info": "Open until 9:00 pm",
    "section-result-info 2": "(032) 345 3862"
  },
  {
    "section-result-title": "Ropali Mandaue",
    "cards-rating-score": 3.6,
    "section-result-num-ratings": "(8)",
    "section-result-details": "Motorcycle dealer",
    "section-result-location": "Lumadas Building, 292 A. C. Cortes Ave",
    "section-result-description": "Watercraft & other motorized products",
    "section-result-info": "Open until 5:00 pm",
    "section-result-info 2": "0917 563 9384"
  },
  {
    "section-result-title": "Skygo Marketing Corporation",
    "cards-rating-score": 3,
    "section-result-num-ratings": "(3)",
    "section-result-details": "Motorcycle dealer",
    "section-result-location": "N. Bacalso National Highway",
    "section-result-description": "",
    "section-result-info": "Open until 5:00 pm",
    "section-result-info 2": "(032) 491 3487"
  },
  {
    "section-result-title": "Sendai Motors",
    "cards-rating-score": 4,
    "section-result-num-ratings": "(3)",
    "section-result-details": "Motorcycle dealer",
    "section-result-location": "Natalio Bacalso National Highway",
    "section-result-description": "Motorcycle products & parts",
    "section-result-info": "Open until 5:00 pm",
    "section-result-info 2": "(032) 490 0640"
  },
  {
    "section-result-title": "Motor Ace",
    "cards-rating-score": 5,
    "section-result-num-ratings": "(1)",
    "section-result-details": "Motorcycle dealer",
    "section-result-location": "Guaac Bldg, Highway",
    "section-result-description": "Motorcycle products & parts",
    "section-result-info": "Open until 8:00 pm",
    "section-result-info 2": "0917 824 9602"
  },
  {
    "section-result-title": "SYM Daan Hari Motors Corporation",
    "cards-rating-score": 4,
    "section-result-num-ratings": "(3)",
    "section-result-details": "Motorcycle dealer",
    "section-result-location": "Sangi",
    "section-result-description": "Motorcycle products & parts",
    "section-result-info": "Open until 5:00 pm",
    "section-result-info 2": "(032) 239 0636"
  },
  {
    "section-result-title": "Racal Autocenter Corp",
    "cards-rating-score": 5,
    "section-result-num-ratings": "(1)",
    "section-result-details": "Used motorcycle dealer",
    "section-result-location": "Cebu South Coastal Rd",
    "section-result-description": "Motorcycle products & parts",
    "section-result-info": "Open until 6:00 pm",
    "section-result-info 2": "0935 163 9646"
  },
  {
    "section-result-title": "Kymco Rider 3s - Mandaue Branch",
    "cards-rating-score": 3.4,
    "section-result-num-ratings": "(22)",
    "section-result-details": "Motorcycle dealer",
    "section-result-location": "National High Way",
    "section-result-description": "Company selling famed motorcycles",
    "section-result-info": "Open until 4:30 pm",
    "section-result-info 2": "(032) 414 0190"
  },
  {
    "section-result-title": "RUSI RAM Cycles",
    "cards-rating-score": 4,
    "section-result-num-ratings": "(1)",
    "section-result-details": "Motorcycle dealer",
    "section-result-location": "123 M. Velez St",
    "section-result-description": "",
    "section-result-info": "Open until 5:00 pm",
    "section-result-info 2": "0998 594 1461"
  },
  {
    "section-result-title": "Trans Cycle",
    "cards-rating-score": 4.7,
    "section-result-num-ratings": "(3)",
    "section-result-details": "Motorcycle dealer",
    "section-result-location": "Cebu S Rd",
    "section-result-description": "Company selling famed motorcycles",
    "section-result-info": "Open until 6:00 pm",
    "section-result-info 2": "(032) 491 4028"
  },
  {
    "section-result-title": "EVERSURE MAXIM,INC",
    "cards-rating-score": 4.8,
    "section-result-num-ratings": "(6)",
    "section-result-details": "Suzuki motorcycle dealer",
    "section-result-location": "H Abellana",
    "section-result-description": "Motorcycle products & parts",
    "section-result-info": "Open until 5:30 pm",
    "section-result-info 2": "(032) 415 1263"
  },
  {
    "section-result-title": "supremacy motorcycle international",
    "cards-rating-score": 4.8,
    "section-result-num-ratings": "(5)",
    "section-result-details": "Motorcycle dealer",
    "section-result-location": "Fuente Osmeña Cir",
    "section-result-description": "Motorcycle products & parts",
    "section-result-info": "Open until 5:30 pm",
    "section-result-info 2": "0936 737 4260"
  },
  {
    "section-result-title": "Ecobike",
    "cards-rating-score": 3.9,
    "section-result-num-ratings": "(29)",
    "section-result-details": "Motorcycle dealer",
    "section-result-location": "224 Lopez Jaena St",
    "section-result-description": "",
    "section-result-info": "0997 088 8950",
    "section-result-info 2": "Open until 5:30 pm"
  },
  {
    "section-result-title": "Eversure Maxim, Incorporated",
    "cards-rating-score": 5,
    "section-result-num-ratings": "(2)",
    "section-result-details": "Motorcycle dealer",
    "section-result-location": "National Highway",
    "section-result-description": "Motorcycle products & parts",
    "section-result-info": "Open until 5:00 pm",
    "section-result-info 2": "(032) 345 3698"
  },
  {
    "section-result-title": "Vismotor Corp.",
    "cards-rating-score": 4,
    "section-result-num-ratings": "(1)",
    "section-result-details": "Motorcycle dealer",
    "section-result-location": "Natalio B. Bacalso",
    "section-result-description": "",
    "section-result-info": "Open until 6:00 pm",
    "section-result-info 2": "(032) 490 4892"
  },
  {
    "section-result-title": "Motor Ace Gorordo - Sales & Service",
    "cards-rating-score": 4.1,
    "section-result-num-ratings": "(10)",
    "section-result-details": "Motorcycle dealer",
    "section-result-location": "Ground Floor, Astron Gestus Bldg, Gorordo Ave",
    "section-result-description": "",
    "section-result-info": "Open until 5:30 pm",
    "section-result-info 2": "0917 813 4309"
  },
  {
    "section-result-title": "Racal Vis-Min Motorsales Corp.",
    "cards-rating-score": 3.2,
    "section-result-num-ratings": "(6)",
    "section-result-details": "Motorcycle dealer",
    "section-result-location": "M. C. Briones St",
    "section-result-description": "",
    "section-result-info": "Open until 6:00 pm",
    "section-result-info 2": "(032) 420 5974"
  },
  {
    "section-result-title": "Nwow Electric Bike",
    "cards-rating-score": 1.7,
    "section-result-num-ratings": "(3)",
    "section-result-details": "Motorcycle dealer",
    "section-result-location": "Rafael Rabaya Rd",
    "section-result-description": "",
    "section-result-info": "Open until 8:00 pm",
    "section-result-info 2": "(032) 343 5961"
  },
  {
    "section-result-title": "Autowelt BMW Motorrad Cebu",
    "cards-rating-score": 5,
    "section-result-num-ratings": "(2)",
    "section-result-details": "BMW motorcycle dealer",
    "section-result-location": "Ouano Avenue",
    "section-result-description": "Motorcycle products & parts",
    "section-result-info": "Open until 5:00 pm",
    "section-result-info 2": "0922 802 6711"
  },
  {
    "section-result-title": "JMAC Business Consulting Ltd",
    "cards-rating-score": 4,
    "section-result-num-ratings": "(2)",
    "section-result-details": "Suzuki motorcycle dealer",
    "section-result-location": "Puntod Alaska Mambaling Cebu City Jmakbusiness",
    "section-result-description": "",
    "section-result-info": "Open until 7:00 pm",
    "section-result-info 2": "0932 668 9015"
  },
  {
    "section-result-title": "EMCOR",
    "cards-rating-score": 2.7,
    "section-result-num-ratings": "(10)",
    "section-result-details": "Motorcycle dealer",
    "section-result-location": "Oriente Theater Arcade, Legaspi St., Cebu City, 6000, Cebu",
    "section-result-description": "Motorcycle products & parts",
    "section-result-info": "Open until 7:00 pm",
    "section-result-info 2": "(032) 253 0990"
  },
  {
    "section-result-title": "Honda Cebu Mandaue - Evergreen Elite Motorcycle Sales, Inc",
    "cards-rating-score": 4.7,
    "section-result-num-ratings": "(9)",
    "section-result-details": "Honda dealer",
    "section-result-location": "Flonem Building, 304 A.C. Cortes St.",
    "section-result-description": "Watercraft & other motorized products",
    "section-result-info": "Open until 5:30 pm",
    "section-result-info 2": "(032) 420 1978"
  },
  {
    "section-result-title": "New Manalili VISMIN Motor Parts Corporation",
    "cards-rating-score": 4,
    "section-result-num-ratings": "(115)",
    "section-result-details": "Motorcycle parts store",
    "section-result-location": "Jakosalem Street Cebu City",
    "section-result-description": "",
    "section-result-info": "Open until 5:30 pm",
    "section-result-info 2": "(032) 266 1494"
  },
  {
    "section-result-title": "Giant Moto Pro Corp.",
    "cards-rating-score": 4,
    "section-result-num-ratings": "(14)",
    "section-result-details": "Motorcycle shop",
    "section-result-location": "V Rama Ave",
    "section-result-description": "Motorcycle products & parts",
    "section-result-info": "Open until 5:30 pm",
    "section-result-info 2": "0997 583 7841"
  },
  {
    "section-result-title": "RELIANCE MOTORCYCLE PLAZA",
    "cards-rating-score": 5,
    "section-result-num-ratings": "(1)",
    "section-result-details": "Motorcycle shop",
    "section-result-location": "114 J Luna Ave Ext",
    "section-result-description": "Motorcycle products & parts",
    "section-result-info": "0917 824 9602",
    "section-result-info 2": "Open until 8:00 pm"
  },
  {
    "section-result-title": "Motology Motorcycle Apparel and Accessories",
    "cards-rating-score": 5,
    "section-result-num-ratings": "(3)",
    "section-result-details": "Motorcycle shop",
    "section-result-location": "City South Special, Ouano Avenue",
    "section-result-description": "Motorcycle products & parts",
    "section-result-info": "Open until 8:00 pm",
    "section-result-info 2": "0917 137 0181"
  },
  {
    "section-result-title": "Vespa By BLIP MOTORS INC",
    "cards-rating-score": 5,
    "section-result-num-ratings": "(1)",
    "section-result-details": "Motor scooter dealer",
    "section-result-location": "A. C. Cortes Ave",
    "section-result-description": "Motorcycle products & parts",
    "section-result-info": "0935 163 9646",
    "section-result-info 2": "Open until 6:00 pm"
  },
  {
    "section-result-title": "Marshall Sports Bikes, Inc.",
    "cards-rating-score": 3.4,
    "section-result-num-ratings": "(22)",
    "section-result-details": "Motorcycle shop",
    "section-result-location": "South Road Highway, Mambaling, Cebu City",
    "section-result-description": "Company selling famed motorcycles",
    "section-result-info": "Open until 4:30 pm",
    "section-result-info 2": "(032) 417 9101"
  },
  {
    "section-result-title": "OZR Corporation",
    "cards-rating-score": 4,
    "section-result-num-ratings": "(1)",
    "section-result-details": "Motorcycle shop",
    "section-result-location": "Archibishop Reyes Avenue",
    "section-result-description": "",
    "section-result-info": "Open until 5:00 pm",
    "section-result-info 2": "(032) 729 6708"
  },
  {
    "section-result-title": "Race & Trail Sports Plaza",
    "cards-rating-score": 5,
    "section-result-num-ratings": "(1)",
    "section-result-details": "Motorcycle shop",
    "section-result-location": "North Drive Mall, Ouano Ave",
    "section-result-description": "Company selling famed motorcycles",
    "section-result-info": "Open until 9:00 pm",
    "section-result-info 2": "(032) 232 5823"
  },
  {
    "section-result-title": "Horizon C Motor & Bicycle Parts",
    "cards-rating-score": 4.8,
    "section-result-num-ratings": "(6)",
    "section-result-details": "Motorcycle shop",
    "section-result-location": "Zone Mongos Jayme St.",
    "section-result-description": "Motorcycle products & parts",
    "section-result-info": "Open until 5:30 pm",
    "section-result-info 2": "(032) 344 7023"
  },
  {
    "section-result-title": "Premio",
    "cards-rating-score": 5,
    "section-result-num-ratings": "(2)",
    "section-result-details": "Motorcycle shop",
    "section-result-location": "207 V Rama Ave",
    "section-result-description": "Motorcycle products & parts",
    "section-result-info": "0936 737 4260",
    "section-result-info 2": "Open until 5:30 pm"
  },
  {
    "section-result-title": "AZG motorcycle parts",
    "cards-rating-score": 3.9,
    "section-result-num-ratings": "(29)",
    "section-result-details": "Motor vehicle dealer",
    "section-result-location": "",
    "section-result-description": "",
    "section-result-info": "0997 088 8950",
    "section-result-info 2": "Open until 5:30 pm"
  },
  {
    "section-result-title": "WOX Motorcycle Parts & Accessories",
    "cards-rating-score": 5,
    "section-result-num-ratings": "(2)",
    "section-result-details": "Motorcycle shop",
    "section-result-location": "General Aviation Rd",
    "section-result-description": "Motorcycle products & parts",
    "section-result-info": "(032) 345 3698",
    "section-result-info 2": "Open until 5:00 pm"
  },
  {
    "section-result-title": "KTM Mandaue",
    "cards-rating-score": 4.8,
    "section-result-num-ratings": "(6)",
    "section-result-details": "Motorcycle shop",
    "section-result-location": "818 Lopez Jaena St",
    "section-result-description": "",
    "section-result-info": "Open until 5:30 pm",
    "section-result-info 2": "0977 843 6027"
  },
  {
    "section-result-title": "Cebu Motorbike Haus Inc.",
    "cards-rating-score": 4.1,
    "section-result-num-ratings": "(10)",
    "section-result-details": "Motorcycle shop",
    "section-result-location": "General Maxilom Ave",
    "section-result-description": "",
    "section-result-info": "Open until 5:30 pm",
    "section-result-info 2": "(032) 412 6388"
  },
  {
    "section-result-title": "H2s Motors",
    "cards-rating-score": 3.2,
    "section-result-num-ratings": "(6)",
    "section-result-details": "Motorcycle shop",
    "section-result-location": "Lower Lipata, Minglanilla",
    "section-result-description": "",
    "section-result-info": "Open until 6:00 pm",
    "section-result-info 2": "(032) 272 4200"
  },
  {
    "section-result-title": "Giant Moto Pro",
    "cards-rating-score": 1.7,
    "section-result-num-ratings": "(3)",
    "section-result-details": "Motor scooter dealer",
    "section-result-location": "Natalia B, 6045, Natalio B. Bacalso S National Hwy",
    "section-result-description": "",
    "section-result-info": "(032) 343 5961",
    "section-result-info 2": "Open until 8:00 pm"
  },
  {
    "section-result-title": "Dans Moto Dealer",
    "cards-rating-score": 5,
    "section-result-num-ratings": "(2)",
    "section-result-details": "Motorcycle parts store",
    "section-result-location": "479 Archbishop Reyes Avenue, Cebu City",
    "section-result-description": "Motorcycle products & parts",
    "section-result-info": "Open until 5:00 pm",
    "section-result-info 2": "(032) 234 4868"
  },
  {
    "section-result-title": "K and S Motorcycle Accessories",
    "cards-rating-score": 4,
    "section-result-num-ratings": "(2)",
    "section-result-details": "Motorcycle shop",
    "section-result-location": "Phase 3D, G. Dayo St Camella Homes, Lawaan",
    "section-result-description": "",
    "section-result-info": "Open until 7:00 pm",
    "section-result-info 2": "0977 700 8653"
  },
  {
    "section-result-title": "SMCT Group Of Companies Des Strong Motors, Inc.",
    "cards-rating-score": 2.5,
    "section-result-num-ratings": "(2)",
    "section-result-details": "Motorcycle dealer",
    "section-result-location": "M. C. Briones St",
    "section-result-description": "Motorcycle products & parts",
    "section-result-info": "Open until 7:00 pm",
    "section-result-info 2": "(032) 420 6283"
  },
  {
    "section-result-title": "KINIMURA MOTORSHOP",
    "cards-rating-score": 4.7,
    "section-result-num-ratings": "(9)",
    "section-result-details": "Motorcycle shop",
    "section-result-location": "Mardonio Ceniza",
    "section-result-description": "Watercraft & other motorized products",
    "section-result-info": "Open until 5:30 pm",
    "section-result-info 2": "0923 243 7649"
  },
  {
    "section-result-title": "VAMA Motors",
    "cards-rating-score": 4,
    "section-result-num-ratings": "(115)",
    "section-result-details": "Motorcycle shop",
    "section-result-location": "F & E Mantaring Building, Highway Tipolo",
    "section-result-description": "",
    "section-result-info": "Open until 5:30 pm",
    "section-result-info 2": "(032) 238 1423"
  },
  {
    "section-result-title": "Kier Louies Motosuit Manufacturing",
    "cards-rating-score": 4,
    "section-result-num-ratings": "(14)",
    "section-result-details": "Motorcycle shop",
    "section-result-location": "Osmeña Boulevard",
    "section-result-description": "Motorcycle products & parts",
    "section-result-info": "Open until 6:00 pm",
    "section-result-info 2": "(032) 418 7050"
  },
  {
    "section-result-title": "Tsc Motor Sales",
    "cards-rating-score": 5,
    "section-result-num-ratings": "(1)",
    "section-result-details": "Motorcycle shop",
    "section-result-location": "Cebu South Road",
    "section-result-description": "Motorcycle products & parts",
    "section-result-info": "Open until 8:00 pm",
    "section-result-info 2": "(032) 272 7665"
  },
  {
    "section-result-title": "Auto Ted Motors",
    "cards-rating-score": 1,
    "section-result-num-ratings": "(1)",
    "section-result-details": "Motorcycle shop",
    "section-result-location": "Hernan Cortes Street",
    "section-result-description": "Motorcycle products & parts",
    "section-result-info": "Open until 8:00 pm",
    "section-result-info 2": "(032) 421 1888"
  },
  {
    "section-result-title": "Bell Helmet Store - Cebu",
    "cards-rating-score": 5,
    "section-result-num-ratings": "(1)",
    "section-result-details": "Motorcycle shop",
    "section-result-location": "Mandaue Causeway",
    "section-result-description": "Motorcycle products & parts",
    "section-result-info": "Open until 5:00 pm",
    "section-result-info 2": "(032) 344 3300"
  },
  {
    "section-result-title": "S & E Motor Parts & Accessories",
    "cards-rating-score": 3.4,
    "section-result-num-ratings": "(22)",
    "section-result-details": "Motorcycle shop",
    "section-result-location": "228 Cebu Veterans Dr",
    "section-result-description": "Company selling famed motorcycles",
    "section-result-info": "(032) 417 9101",
    "section-result-info 2": "Open until 4:30 pm"
  },
  {
    "section-result-title": "Ramas-Uypitching Sons, Inc.",
    "cards-rating-score": 4,
    "section-result-num-ratings": "(1)",
    "section-result-details": "Motorcycle shop",
    "section-result-location": "345 Sanciangko Street, Pahina Central",
    "section-result-description": "",
    "section-result-info": "Open until 5:00 pm",
    "section-result-info 2": "(035) 422 7014"
  },
  {
    "section-result-title": "Brilliance Sales Center",
    "cards-rating-score": 3,
    "section-result-num-ratings": "(1)",
    "section-result-details": "Motorcycle shop",
    "section-result-location": "114, S. Osmeña Street",
    "section-result-description": "Company selling famed motorcycles",
    "section-result-info": "Open until 9:00 pm",
    "section-result-info 2": "(032) 340 2908"
  },
  {
    "section-result-title": "Ian's Customs",
    "cards-rating-score": 3,
    "section-result-num-ratings": "(3)",
    "section-result-details": "Motorcycle shop",
    "section-result-location": "6 J. Alcantara St",
    "section-result-description": "Motorcycle products & parts",
    "section-result-info": "Open until 8:00 pm",
    "section-result-info 2": "0917 721 4344"
  },
  {
    "section-result-title": "LYM Motorparts",
    "cards-rating-score": 4.5,
    "section-result-num-ratings": "(2)",
    "section-result-details": "Motorcycle shop",
    "section-result-location": "Pilipog Rd",
    "section-result-description": "Motorcycle products & parts",
    "section-result-info": "Open until 7:00 pm",
    "section-result-info 2": "0936 737 4260"
  },
  {
    "section-result-title": "TNT Motor Bike Marketing",
    "cards-rating-score": 3.9,
    "section-result-num-ratings": "(29)",
    "section-result-details": "Motorcycle shop",
    "section-result-location": "190 Lopez Jaena St",
    "section-result-description": "",
    "section-result-info": "Open until 5:30 pm",
    "section-result-info 2": "(032) 239 1846"
  },
  {
    "section-result-title": "Atlas Motors",
    "cards-rating-score": 5,
    "section-result-num-ratings": "(2)",
    "section-result-details": "Motorcycle shop",
    "section-result-location": "V. Rama Avenue",
    "section-result-description": "Motorcycle products & parts",
    "section-result-info": "Open until 5:00 pm",
    "section-result-info 2": "(032) 346 5165"
  },
  {
    "section-result-title": "Pro-Active Motors & Builders Corporation.",
    "cards-rating-score": 1,
    "section-result-num-ratings": "(1)",
    "section-result-details": "Motorcycle shop",
    "section-result-location": "888 M.L. Quezon",
    "section-result-description": "",
    "section-result-info": "Open until 5:30 pm",
    "section-result-info 2": "(032) 343 8150"
  },
  {
    "section-result-title": "GMA Electric Bike",
    "cards-rating-score": 5,
    "section-result-num-ratings": "(1)",
    "section-result-details": "Motor scooter dealer",
    "section-result-location": "M.L. Quezon National Highway",
    "section-result-description": "",
    "section-result-info": "Open until 5:45 pm",
    "section-result-info 2": "0917 355 6456"
  },
  {
    "section-result-title": "Auto Moto Trade Centre",
    "cards-rating-score": 5,
    "section-result-num-ratings": "(2)",
    "section-result-details": "Motorcycle shop",
    "section-result-location": "Cebu S Rd",
    "section-result-description": "",
    "section-result-info": "Open until 5:30 pm",
    "section-result-info 2": "0923 463 3272"
  },
  {
    "section-result-title": "Wheeltek Motor Sales Corporation - Pardo Branch",
    "cards-rating-score": 2.8,
    "section-result-num-ratings": "(8)",
    "section-result-details": "Motorcycle shop",
    "section-result-location": "Natalio B. Bacalso Ave",
    "section-result-description": "",
    "section-result-info": "(032) 343 5961",
    "section-result-info 2": "Open until 8:00 pm"
  },
  {
    "section-result-title": "CKN Motors International Philippines Incorporated",
    "cards-rating-score": 1,
    "section-result-num-ratings": "(1)",
    "section-result-details": "Motorcycle shop",
    "section-result-location": "Ouano Avenue",
    "section-result-description": "Motorcycle products & parts",
    "section-result-info": "Open until 5:00 pm",
    "section-result-info 2": "(032) 343 8740"
  },
  {
    "section-result-title": "Authorized Yamaha Spare Parts Dealers",
    "cards-rating-score": 4,
    "section-result-num-ratings": "(2)",
    "section-result-details": "Motorcycle parts store",
    "section-result-location": "Mt. Banahaw Street Singson Village, Tipolo",
    "section-result-description": "",
    "section-result-info": "Open until 7:00 pm",
    "section-result-info 2": "(032) 344 2287"
  },
  {
    "section-result-title": "Performance Auto Motor Group Incorporated",
    "cards-rating-score": 2.5,
    "section-result-num-ratings": "(2)",
    "section-result-details": "Motorcycle shop",
    "section-result-location": "1217 PC Hills",
    "section-result-description": "Motorcycle products & parts",
    "section-result-info": "Open until 7:00 pm",
    "section-result-info 2": "(032) 231 7538"
  },
  {
    "section-result-title": "Toppu Burando Distribution Corp. (Top Brands)",
    "cards-rating-score": 4,
    "section-result-num-ratings": "(2)",
    "section-result-details": "Motorcycle shop",
    "section-result-location": "Warehouse No 8 Cebu Bonded Warehouse #21 Legaspi Extension",
    "section-result-description": "Watercraft & other motorized products",
    "section-result-info": "Open until 5:30 pm",
    "section-result-info 2": "0998 562 4216"
  },
  {
    "section-result-title": "Toppu Burando Distribution Corp. (Top Brands) Mandaue branch",
    "cards-rating-score": 5,
    "section-result-num-ratings": "(1)",
    "section-result-details": "Motorcycle shop",
    "section-result-location": "Rosmec Bldg, A. C. Cortes Ave",
    "section-result-description": "",
    "section-result-info": "Open until 5:30 pm",
    "section-result-info 2": "(032) 326 0185"
  },
  {
    "section-result-title": "Ramas-Uypitching Sons, Inc. - Basak Pardo",
    "cards-rating-score": 4,
    "section-result-num-ratings": "(14)",
    "section-result-details": "Motorcycle shop",
    "section-result-location": "N. Bacalso Avenue, Basak Pardo",
    "section-result-description": "Motorcycle products & parts",
    "section-result-info": "Open until 6:00 pm",
    "section-result-info 2": "(035) 422 7014"
  },
  {
    "section-result-title": "Vismotor Corporation (Honda 3S Shop)",
    "cards-rating-score": 3.3,
    "section-result-num-ratings": "(36)",
    "section-result-details": "Honda dealer",
    "section-result-location": "Carmel Drive cor, Gov. M. Cuenco Ave",
    "section-result-description": "Motorcycle products & parts",
    "section-result-info": "Open until 8:00 pm",
    "section-result-info 2": "(032) 401 0675"
  },
  {
    "section-result-title": "Minglanilla Motor Center",
    "cards-rating-score": 5,
    "section-result-num-ratings": "(1)",
    "section-result-details": "Motorcycle shop",
    "section-result-location": "Natalio B. Bacalso Ave",
    "section-result-description": "Motorcycle products & parts",
    "section-result-info": "(032) 421 1888",
    "section-result-info 2": "Open until 8:00 pm"
  },
  {
    "section-result-title": "Lifebord'z Marketing",
    "cards-rating-score": 5,
    "section-result-num-ratings": "(1)",
    "section-result-details": "Motorcycle shop",
    "section-result-location": "Hiway, Upper, Sandayong",
    "section-result-description": "Motorcycle products & parts",
    "section-result-info": "Open until 6:00 pm",
    "section-result-info 2": "(032) 490 3979"
  },
  {
    "section-result-title": "Honda Motor World, Inc.",
    "cards-rating-score": 4,
    "section-result-num-ratings": "(45)",
    "section-result-details": "Honda dealer",
    "section-result-location": "5711 M. C. Briones St",
    "section-result-description": "Company selling famed motorcycles",
    "section-result-info": "Open until 5:30 pm",
    "section-result-info 2": "(032) 346 0386"
  },
  {
    "section-result-title": "Bev Motors",
    "cards-rating-score": 4,
    "section-result-num-ratings": "(1)",
    "section-result-details": "Motorcycle shop",
    "section-result-location": "National Highway",
    "section-result-description": "",
    "section-result-info": "Open until 5:00 pm",
    "section-result-info 2": "(032) 420 5555"
  },
  {
    "section-result-title": "S & E Motor Parts & Accessories",
    "cards-rating-score": 2.5,
    "section-result-num-ratings": "(2)",
    "section-result-details": "Motorcycle shop",
    "section-result-location": "543 Englis V Rama Ave",
    "section-result-description": "Company selling famed motorcycles",
    "section-result-info": "Open until 9:00 pm",
    "section-result-info 2": "0933 213 5873"
  },
  {
    "section-result-title": "Suzuki Auto Cebu - SM City",
    "cards-rating-score": 4.8,
    "section-result-num-ratings": "(5)",
    "section-result-details": "Car dealer",
    "section-result-location": "SM City Cebu, Juan Luna Ave Cor Cabahug And Kaohsiung St",
    "section-result-description": "Motorcycle products & parts",
    "section-result-info": "Open until 9:00 pm",
    "section-result-info 2": "0917 933 6936"
  },
  {
    "section-result-title": "BLUWS MOTORCYCLE SHOP UPGRADE-Bo-Ting2x Lights Upgrade and Wiring Solution",
    "cards-rating-score": 4.5,
    "section-result-num-ratings": "(2)",
    "section-result-details": "Motorcycle shop",
    "section-result-location": "Sitio Malinao Rd",
    "section-result-description": "Motorcycle products & parts",
    "section-result-info": "Open until 10:00 pm",
    "section-result-info 2": "0905 819 5348"
  },
  {
    "section-result-title": "BJS MotoShop",
    "cards-rating-score": 4,
    "section-result-num-ratings": "(1)",
    "section-result-details": "Motorcycle shop",
    "section-result-location": "Natalio B. Bacalso Ave",
    "section-result-description": "",
    "section-result-info": "Open until 5:30 pm",
    "section-result-info 2": "0917 625 4562"
  },
  {
    "section-result-title": "RMO Motor Parts",
    "cards-rating-score": 4,
    "section-result-num-ratings": "(2)",
    "section-result-details": "Motorcycle shop",
    "section-result-location": "H Abellana",
    "section-result-description": "Motorcycle products & parts",
    "section-result-info": "Open until 6:00 pm",
    "section-result-info 2": "(032) 420 0702"
  },
  {
    "section-result-title": "Ridestar Motorparts",
    "cards-rating-score": 1,
    "section-result-num-ratings": "(1)",
    "section-result-details": "Motorcycle shop",
    "section-result-location": "Gov. M. Cuenco Ave",
    "section-result-description": "",
    "section-result-info": "Open until 7:00 pm",
    "section-result-info 2": "0925 731 7877"
  },
  {
    "section-result-title": "Nanz",
    "cards-rating-score": 5,
    "section-result-num-ratings": "(1)",
    "section-result-details": "Motorcycle shop",
    "section-result-location": "P.Sanchez / Pagsabungan Rd",
    "section-result-description": "",
    "section-result-info": "Open until 5:45 pm",
    "section-result-info 2": "(032) 422 1842"
  },
  {
    "section-result-title": "Cycle Seal",
    "cards-rating-score": 4,
    "section-result-num-ratings": "(1)",
    "section-result-details": "Motorcycle shop",
    "section-result-location": "213 Artville San Isidro",
    "section-result-description": "",
    "section-result-info": "Open until 5:30 pm",
    "section-result-info 2": "0933 722 7889"
  },
  {
    "section-result-title": "Rusco Motors",
    "cards-rating-score": 5,
    "section-result-num-ratings": "(2)",
    "section-result-details": "Motorcycle shop",
    "section-result-location": "S Osmeña Street",
    "section-result-description": "",
    "section-result-info": "Open until 8:00 pm",
    "section-result-info 2": "(032) 495 4695"
  },
  {
    "section-result-title": "Ian's Customized Scooter Shop",
    "cards-rating-score": 4,
    "section-result-num-ratings": "(2)",
    "section-result-details": "Motorcycle shop",
    "section-result-location": "6 J. Alcantara St",
    "section-result-description": "Motorcycle products & parts",
    "section-result-info": "Open until 6:00 pm",
    "section-result-info 2": "0917 721 4344"
  },
  {
    "section-result-title": "Motor Star Motorcycles And Scooters",
    "cards-rating-score": 5,
    "section-result-num-ratings": "(2)",
    "section-result-details": "Motorcycle parts store",
    "section-result-location": "Manuel L. Quezon Street",
    "section-result-description": "",
    "section-result-info": "Open until 7:00 pm",
    "section-result-info 2": "(032) 344 2982"
  },
  {
    "section-result-title": "Authorized Yamaha Spare Parts Dealers",
    "cards-rating-score": 4.5,
    "section-result-num-ratings": "(2)",
    "section-result-details": "Motorcycle parts store",
    "section-result-location": "Ibabao Estancia",
    "section-result-description": "Watercraft & other motorized products",
    "section-result-info": "Open until 7:00 pm",
    "section-result-info 2": "(032) 420 7824"
  },
  {
    "section-result-title": "Polyconcept Motorcycle Shop",
    "cards-rating-score": 4.7,
    "section-result-num-ratings": "(3)",
    "section-result-details": "Motorcycle shop",
    "section-result-location": "",
    "section-result-description": "Watercraft & other motorized products",
    "section-result-info": "Open until 8:00 pm",
    "section-result-info 2": "0908 582 0525"
  },
  {
    "section-result-title": "New Star Ventures",
    "cards-rating-score": 4.3,
    "section-result-num-ratings": "(7)",
    "section-result-details": "Motorcycle shop",
    "section-result-location": "A.S. Fortuna St",
    "section-result-description": "",
    "section-result-info": "Open until 5:30 pm",
    "section-result-info 2": "(032) 346 4775"
  },
  {
    "section-result-title": "Jay-EL Motorcycle Helmet Gears and accessories",
    "cards-rating-score": 5,
    "section-result-num-ratings": "(1)",
    "section-result-details": "Motorcycle shop",
    "section-result-location": "",
    "section-result-description": "Motorcycle products & parts",
    "section-result-info": "Open until 5:00 pm",
    "section-result-info 2": "(035) 422 7014"
  },
  {
    "section-result-title": "Motonation",
    "cards-rating-score": 5,
    "section-result-num-ratings": "(2)",
    "section-result-details": "Motorcycle shop",
    "section-result-location": "Aetorland Bldg, 215 S.B.Cabahug",
    "section-result-description": "Motorcycle products & parts",
    "section-result-info": "Open until 6:00 pm",
    "section-result-info 2": "(032) 401 0675"
  },
  {
    "section-result-title": "REVOLT CYCLES",
    "cards-rating-score": 5,
    "section-result-num-ratings": "(2)",
    "section-result-details": "Motorcycle shop",
    "section-result-location": "397 Candido Padilla St",
    "section-result-description": "Motorcycle products & parts",
    "section-result-info": "Open until 5:00 pm",
    "section-result-info 2": "(032) 421 1888"
  },
  {
    "section-result-title": "Autowelt BMW Cebu",
    "cards-rating-score": 3.8,
    "section-result-num-ratings": "(37)",
    "section-result-details": "Car dealer",
    "section-result-location": "Cebu Veterans Dr, Nivel Hills",
    "section-result-description": "Motorcycle products & parts",
    "section-result-info": "Open until 6:00 pm",
    "section-result-info 2": "(032) 268 9888"
  },
  {
    "section-result-title": "Ians Customs",
    "cards-rating-score": 3.7,
    "section-result-num-ratings": "(3)",
    "section-result-details": "Motorcycle shop",
    "section-result-location": "",
    "section-result-description": "Company selling famed motorcycles",
    "section-result-info": "Open until 5:30 pm",
    "section-result-info 2": "(032) 319 2238"
  },
  {
    "section-result-title": "Suzuki Auto South Cebu",
    "cards-rating-score": 4.4,
    "section-result-num-ratings": "(107)",
    "section-result-details": "Car dealer",
    "section-result-location": "F. Vestil St",
    "section-result-description": "",
    "section-result-info": "Open until 5:00 pm",
    "section-result-info 2": "(032) 888 9127"
  },
  {
    "section-result-title": "Moto Gear Garage",
    "cards-rating-score": 5,
    "section-result-num-ratings": "(1)",
    "section-result-details": "Motorcycle shop",
    "section-result-location": "",
    "section-result-description": "Company selling famed motorcycles",
    "section-result-info": "Open until 7:00 pm",
    "section-result-info 2": "0929 600 2941"
  },
  {
    "section-result-title": "Parie Motorcycle Parts Trading",
    "cards-rating-score": 4.8,
    "section-result-num-ratings": "(5)",
    "section-result-details": "Motorcycle shop",
    "section-result-location": "Pungtod",
    "section-result-description": "Motorcycle products & parts",
    "section-result-info": "Open until 5:00 pm",
    "section-result-info 2": "0917 933 6936"
  },
  {
    "section-result-title": "Top Brands Motorcycle Tire Care and Lubricants Center",
    "cards-rating-score": 5,
    "section-result-num-ratings": "(2)",
    "section-result-details": "Motorcycle shop",
    "section-result-location": "",
    "section-result-description": "Motorcycle products & parts",
    "section-result-info": "Open until 5:00 pm",
    "section-result-info 2": "0922 547 3002"
  },
  {
    "section-result-title": "Ramas-Uypitching Sons, Inc. - Mandaue City",
    "cards-rating-score": 5,
    "section-result-num-ratings": "(2)",
    "section-result-details": "Motorcycle shop",
    "section-result-location": "Tabok",
    "section-result-description": "",
    "section-result-info": "Open until 5:30 pm",
    "section-result-info 2": "(035) 422 7014"
  },
  {
    "section-result-title": "Rusi Visayan Ramcycles",
    "cards-rating-score": 4,
    "section-result-num-ratings": "(1)",
    "section-result-details": "Motorcycle shop",
    "section-result-location": "",
    "section-result-description": "Motorcycle products & parts",
    "section-result-info": "Open until 6:00 pm",
    "section-result-info 2": "(032) 420 0702"
  },
  {
    "section-result-title": "Motortrade Topline, Inc.",
    "cards-rating-score": 2.5,
    "section-result-num-ratings": "(10)",
    "section-result-details": "Honda dealer",
    "section-result-location": "Aileen Sy Bldg, Highway",
    "section-result-description": "",
    "section-result-info": "Open until 5:30 pm",
    "section-result-info 2": "(032) 272 7166"
  },
  {
    "section-result-title": "AAR9SPEED MOTORCYCLE PARTS AND ACCESSORIES",
    "cards-rating-score": 5,
    "section-result-num-ratings": "(1)",
    "section-result-details": "Motorcycle shop",
    "section-result-location": "476 Gorordo Ave",
    "section-result-description": "",
    "section-result-info": "Open until 5:00 pm",
    "section-result-info 2": "0905 513 3464"
  },
  {
    "section-result-title": "AMBC Garage",
    "cards-rating-score": 4.9,
    "section-result-num-ratings": "(27)",
    "section-result-details": "Motorcycle shop",
    "section-result-location": "#2352 Santol St. Banawa",
    "section-result-description": "",
    "section-result-info": "Open until 5:00 pm",
    "section-result-info 2": "0927 474 6904"
  },
  {
    "section-result-title": "Jojo Moto Shop",
    "cards-rating-score": 3.6,
    "section-result-num-ratings": "(5)",
    "section-result-details": "Motorcycle shop",
    "section-result-location": "NALUPI, Urban Poor, Tabucanal Pardo, F. Jaca St",
    "section-result-description": "",
    "section-result-info": "Open until 8:00 pm",
    "section-result-info 2": "(032) 415 4943"
  },
  {
    "section-result-title": "ZONEHATJAI THAI MOTOSHOP",
    "cards-rating-score": 4,
    "section-result-num-ratings": "(2)",
    "section-result-details": "Motorcycle shop",
    "section-result-location": "Maximo V. Patalinghug Jr. Avenue",
    "section-result-description": "Motorcycle products & parts",
    "section-result-info": "Open until 6:00 pm",
    "section-result-info 2": "0932 359 2779"
  },
  {
    "section-result-title": "HAKZUWERKZ ''custom and sticker concept''",
    "cards-rating-score": 5,
    "section-result-num-ratings": "(2)",
    "section-result-details": "Motorcycle shop",
    "section-result-location": "wireless, 1039 Hernan Cortes St",
    "section-result-description": "",
    "section-result-info": "Open until 7:00 pm",
    "section-result-info 2": "0923 646 3620"
  },
  {
    "section-result-title": "J's motorsports motorcycle parts center",
    "cards-rating-score": 4.5,
    "section-result-num-ratings": "(2)",
    "section-result-details": "Motorcycle shop",
    "section-result-location": "H Abellana",
    "section-result-description": "Watercraft & other motorized products",
    "section-result-info": "Open until 7:00 pm",
    "section-result-info 2": "0922 311 1611"
  },
  {
    "section-result-title": "EMCOR Mandaue",
    "cards-rating-score": 4,
    "section-result-num-ratings": "(66)",
    "section-result-details": "Motorcycle dealer",
    "section-result-location": "JVR Bldg., A. Cortes Ave.,",
    "section-result-description": "Watercraft & other motorized products",
    "section-result-info": "Open until 6:00 pm",
    "section-result-info 2": "(032) 346 2280"
  },
  {
    "section-result-title": "Honda Silver Wing Motors Mango Branch",
    "cards-rating-score": 4.4,
    "section-result-num-ratings": "(7)",
    "section-result-details": "Motorcycle repair shop",
    "section-result-location": "General Maxilom Ave",
    "section-result-description": "",
    "section-result-info": "Closing soon: 12:00 pm",
    "section-result-info 2": "(032) 412 6388"
  },
  {
    "section-result-title": "Ride Republic",
    "cards-rating-score": 5,
    "section-result-num-ratings": "(1)",
    "section-result-details": "Motorcycle shop",
    "section-result-location": "15 M. J. Cuenco Ave",
    "section-result-description": "Motorcycle products & parts",
    "section-result-info": "Open until 5:30 pm",
    "section-result-info 2": "(032) 238 8930"
  },
  {
    "section-result-title": "Drakes Motorcycle Parts",
    "cards-rating-score": 4.7,
    "section-result-num-ratings": "(61)",
    "section-result-details": "Motorcycle parts store",
    "section-result-location": "V Rama Ave",
    "section-result-description": "Motorcycle products & parts",
    "section-result-info": "Open until 6:00 pm",
    "section-result-info 2": "0917 887 2438"
  },
  {
    "section-result-title": "Cebu Vis-Min Marketing Corporation VISMIN",
    "cards-rating-score": 4.9,
    "section-result-num-ratings": "(13)",
    "section-result-details": "Motorcycle parts store",
    "section-result-location": "C. Cuizon St",
    "section-result-description": "Motorcycle products & parts",
    "section-result-info": "Open until 5:00 pm",
    "section-result-info 2": "(032) 255 8751"
  },
  {
    "section-result-title": "Mandaue Reliance Motor Parts",
    "cards-rating-score": 4,
    "section-result-num-ratings": "(27)",
    "section-result-details": "Motorcycle parts store",
    "section-result-location": "S.B. Cabahug",
    "section-result-description": "Motorcycle products & parts",
    "section-result-info": "Open until 5:00 pm",
    "section-result-info 2": "(032) 346 2770"
  },
  {
    "section-result-title": "8th Street Guesthouse",
    "cards-rating-score": 3.3,
    "section-result-num-ratings": "(112)",
    "section-result-details": "2-star hotel",
    "section-result-location": "",
    "section-result-description": "Basic hostel with a shared kitchen",
    "section-result-info": "Open until 5:30 pm",
    "section-result-info 2": "(032) 418 2514"
  },
  {
    "section-result-title": "Primex High Performance Center - Michelin dealer",
    "cards-rating-score": 4,
    "section-result-num-ratings": "(6)",
    "section-result-details": "Tire shop",
    "section-result-location": "Corner Osmeña Blvd, P. Burgos St",
    "section-result-description": "",
    "section-result-info": "Open until 5:00 pm",
    "section-result-info 2": "(032) 254 8490"
  },
  {
    "section-result-title": "Suzuki Auto Cebu - A.S Fortuna",
    "cards-rating-score": 3.9,
    "section-result-num-ratings": "(98)",
    "section-result-details": "Car dealer",
    "section-result-location": "A. S. Fortuna St",
    "section-result-description": "Company selling famed motorcycles",
    "section-result-info": "Open until 4:00 pm",
    "section-result-info 2": "(032) 412 0787"
  },
  {
    "section-result-title": "Cebu Big Bike Protections and Accessories",
    "cards-rating-score": 5,
    "section-result-num-ratings": "(2)",
    "section-result-details": "Motorcycle parts store",
    "section-result-location": "Timpolok Rd",
    "section-result-description": "Motorcycle products & parts",
    "section-result-info": "Open until 5:00 pm",
    "section-result-info 2": "0995 743 9049"
  },
  {
    "section-result-title": "Motoworld",
    "cards-rating-score": 4.2,
    "section-result-num-ratings": "(21)",
    "section-result-details": "Motorsports store",
    "section-result-location": "UG/F, SM City Cebu, North Reclamation Area, San Jose dela Montana cor. M. J. Cuenco Ave",
    "section-result-description": "Motorcycle products & parts",
    "section-result-info": "Open until 5:00 pm",
    "section-result-info 2": "(032) 415 6119"
  },
  {
    "section-result-title": "Motoworld Cebu \"The Forum",
    "cards-rating-score": 4,
    "section-result-num-ratings": "(54)",
    "section-result-details": "Motorsports store",
    "section-result-location": "G/F, The Forum, Archbishop Reyes Ave",
    "section-result-description": "",
    "section-result-info": "Open until 8:00 pm",
    "section-result-info 2": "(032) 415 6119"
  },
  {
    "section-result-title": "Evergreen Elite MC Sales, Inc.",
    "cards-rating-score": 3,
    "section-result-num-ratings": "(1)",
    "section-result-details": "",
    "section-result-location": "417 AC Cortes Ave., Ibabao, Mandaue City, 6014, Cebu",
    "section-result-description": "Motorcycle products & parts",
    "section-result-info": "Open until 6:00 pm",
    "section-result-info 2": "(032) 420 1978"
  },
  {
    "section-result-title": "Kymco Cebu Branch - Warehouse",
    "cards-rating-score": 4.7,
    "section-result-num-ratings": "(3)",
    "section-result-details": "Warehouse",
    "section-result-location": "Door H, Mandaue Warehouse Park",
    "section-result-description": "",
    "section-result-info": "Open until 3:00 pm",
    "section-result-info 2": "(032) 328 2106"
  }
]